deck_archetype,format,opponent_archetype,total_matches,wins,losses,ties,win_rate
Iron Hands Magneton,ASC Standard 2025,Dragapult Dusknoir,51,31,20,0,0.6078431372549019
Iron Hands Magneton,ASC Standard 2025,Mega Absol Box,27,10,17,0,0.37037037037037035
Iron Hands Magneton,ASC Standard 2025,Grimmsnarl Froslass,23,12,10,1,0.5217391304347826
Iron Hands Magneton,ASC Standard 2025,N's Zoroark,23,9,14,0,0.391304347826087
Iron Hands Magneton,ASC Standard 2025,Gholdengo Lunatone,18,7,11,0,0.3888888888888889
Iron Hands Magneton,ASC Standard 2025,Raging Bolt Ogerpon,12,7,5,0,0.5833333333333334
Iron Hands Magneton,ASC Standard 2025,Mega Venusaur,12,6,6,0,0.5
Iron Hands Magneton,ASC Standard 2025,Alakazam Dudunsparce,11,3,8,0,0.2727272727272727
Iron Hands Magneton,ASC Standard 2025,Kangaskhan Bouffalant,11,2,9,0,0.18181818181818182
Iron Hands Magneton,ASC Standard 2025,Charizard Noctowl,11,2,9,0,0.18181818181818182
Iron Hands Magneton,ASC Standard 2025,Froslass Munkidori,10,7,3,0,0.7
Iron Hands Magneton,ASC Standard 2025,Gardevoir Jellicent,10,5,5,0,0.5
Iron Hands Magneton,ASC Standard 2025,Rocket's Honchkrow,10,5,5,0,0.5
Iron Hands Magneton,ASC Standard 2025,Lucario Hariyama,9,5,4,0,0.5555555555555556
Iron Hands Magneton,ASC Standard 2025,Festival Lead,9,4,5,0,0.4444444444444444
Iron Hands Magneton,ASC Standard 2025,Charizard Pidgeot,9,1,8,0,0.1111111111111111
Iron Hands Magneton,ASC Standard 2025,Rocket's Mewtwo,8,6,2,0,0.75
Iron Hands Magneton,ASC Standard 2025,Tera Box,8,2,6,0,0.25
Iron Hands Magneton,ASC Standard 2025,Dragapult Charizard,8,2,5,1,0.25
Iron Hands Magneton,ASC Standard 2025,Gardevoir,7,4,3,0,0.5714285714285714
Iron Hands Magneton,ASC Standard 2025,Flareon Noctowl,6,3,3,0,0.5
Iron Hands Magneton,ASC Standard 2025,Greninja,6,3,3,0,0.5
Iron Hands Magneton,ASC Standard 2025,Joltik Box,5,2,3,0,0.4
Iron Hands Magneton,ASC Standard 2025,Ogerpon Meganium,4,2,1,1,0.5
Iron Hands Magneton,ASC Standard 2025,Ceruledge,4,1,3,0,0.25
Iron Hands Magneton,ASC Standard 2025,Dragonite Eelektrik,3,2,1,0,0.6666666666666666
Iron Hands Magneton,ASC Standard 2025,Cynthia's Garchomp,2,2,0,0,1.0
Iron Hands Magneton,ASC Standard 2025,Crustle,2,1,1,0,0.5
Ogerpon Meganium,ASC Standard 2025,Dragapult Dusknoir,103,51,52,0,0.49514563106796117
Ogerpon Meganium,ASC Standard 2025,N's Zoroark,47,23,24,0,0.48936170212765956
Ogerpon Meganium,ASC Standard 2025,Grimmsnarl Froslass,46,25,21,0,0.5434782608695652
Ogerpon Meganium,ASC Standard 2025,Mega Absol Box,44,29,15,0,0.6590909090909091
Ogerpon Meganium,ASC Standard 2025,Gholdengo Lunatone,36,14,21,1,0.3888888888888889
Ogerpon Meganium,ASC Standard 2025,Alakazam Dudunsparce,32,12,20,0,0.375
Ogerpon Meganium,ASC Standard 2025,Froslass Munkidori,32,11,21,0,0.34375
Ogerpon Meganium,ASC Standard 2025,Rocket's Mewtwo,26,16,10,0,0.6153846153846154
Ogerpon Meganium,ASC Standard 2025,Lucario Hariyama,25,13,11,1,0.52
Ogerpon Meganium,ASC Standard 2025,Raging Bolt Ogerpon,24,12,11,1,0.5
Ogerpon Meganium,ASC Standard 2025,Rocket's Honchkrow,21,7,13,1,0.3333333333333333
Ogerpon Meganium,ASC Standard 2025,Mega Venusaur,20,7,13,0,0.35
Ogerpon Meganium,ASC Standard 2025,Kangaskhan Bouffalant,19,11,6,2,0.5789473684210527
Ogerpon Meganium,ASC Standard 2025,Charizard Pidgeot,19,7,12,0,0.3684210526315789
Ogerpon Meganium,ASC Standard 2025,Festival Lead,17,10,7,0,0.5882352941176471
Ogerpon Meganium,ASC Standard 2025,Greninja,17,6,11,0,0.35294117647058826
Ogerpon Meganium,ASC Standard 2025,Charizard Noctowl,16,9,7,0,0.5625
Ogerpon Meganium,ASC Standard 2025,Gardevoir Jellicent,15,7,7,1,0.4666666666666667
Ogerpon Meganium,ASC Standard 2025,Joltik Box,15,2,13,0,0.13333333333333333
Ogerpon Meganium,ASC Standard 2025,Ceruledge,14,4,10,0,0.2857142857142857
Ogerpon Meganium,ASC Standard 2025,Tera Box,12,8,4,0,0.6666666666666666
Ogerpon Meganium,ASC Standard 2025,Cynthia's Garchomp,12,7,5,0,0.5833333333333334
Ogerpon Meganium,ASC Standard 2025,Gardevoir,12,3,9,0,0.25
Ogerpon Meganium,ASC Standard 2025,Flareon Noctowl,11,5,6,0,0.45454545454545453
Ogerpon Meganium,ASC Standard 2025,Dragapult Charizard,11,3,8,0,0.2727272727272727
Ogerpon Meganium,ASC Standard 2025,Ogerpon Meganium,8,4,4,0,0.5
Ogerpon Meganium,ASC Standard 2025,Crustle,7,1,5,1,0.14285714285714285
Ogerpon Meganium,ASC Standard 2025,Dragonite Eelektrik,6,2,4,0,0.3333333333333333
Ogerpon Meganium,ASC Standard 2025,Iron Hands Magneton,4,1,2,1,0.25
Crustle,ASC Standard 2025,Dragapult Dusknoir,129,55,68,6,0.4263565891472868
Crustle,ASC Standard 2025,Grimmsnarl Froslass,61,37,23,1,0.6065573770491803
Crustle,ASC Standard 2025,N's Zoroark,56,29,26,1,0.5178571428571429
Crustle,ASC Standard 2025,Gholdengo Lunatone,48,33,15,0,0.6875
Crustle,ASC Standard 2025,Mega Absol Box,47,26,18,3,0.5531914893617021
Crustle,ASC Standard 2025,Lucario Hariyama,30,16,13,1,0.5333333333333333
Crustle,ASC Standard 2025,Froslass Munkidori,28,8,18,2,0.2857142857142857
Crustle,ASC Standard 2025,Gardevoir,28,5,23,0,0.17857142857142858
Crustle,ASC Standard 2025,Dragapult Charizard,26,16,8,2,0.6153846153846154
Crustle,ASC Standard 2025,Charizard Noctowl,25,12,12,1,0.48
Crustle,ASC Standard 2025,Raging Bolt Ogerpon,24,13,10,1,0.5416666666666666
Crustle,ASC Standard 2025,Alakazam Dudunsparce,24,11,13,0,0.4583333333333333
Crustle,ASC Standard 2025,Gardevoir Jellicent,23,2,19,2,0.08695652173913043
Crustle,ASC Standard 2025,Tera Box,20,12,8,0,0.6
Crustle,ASC Standard 2025,Mega Venusaur,19,11,8,0,0.5789473684210527
Crustle,ASC Standard 2025,Charizard Pidgeot,19,7,9,3,0.3684210526315789
Crustle,ASC Standard 2025,Flareon Noctowl,18,17,1,0,0.9444444444444444
Crustle,ASC Standard 2025,Festival Lead,18,3,15,0,0.16666666666666666
Crustle,ASC Standard 2025,Ceruledge,17,13,4,0,0.7647058823529411
Crustle,ASC Standard 2025,Kangaskhan Bouffalant,15,8,6,1,0.5333333333333333
Crustle,ASC Standard 2025,Cynthia's Garchomp,15,7,8,0,0.4666666666666667
Crustle,ASC Standard 2025,Crustle,14,7,7,0,0.5
Crustle,ASC Standard 2025,Joltik Box,13,12,1,0,0.9230769230769231
Crustle,ASC Standard 2025,Rocket's Honchkrow,13,1,12,0,0.07692307692307693
Crustle,ASC Standard 2025,Greninja,12,11,1,0,0.9166666666666666
Crustle,ASC Standard 2025,Rocket's Mewtwo,10,3,6,1,0.3
Crustle,ASC Standard 2025,Dragonite Eelektrik,7,6,0,1,0.8571428571428571
Crustle,ASC Standard 2025,Ogerpon Meganium,7,5,1,1,0.7142857142857143
Crustle,ASC Standard 2025,Iron Hands Magneton,2,1,1,0,0.5
Cynthia's Garchomp,ASC Standard 2025,Dragapult Dusknoir,121,52,68,1,0.4297520661157025
Cynthia's Garchomp,ASC Standard 2025,N's Zoroark,57,28,29,0,0.49122807017543857
Cynthia's Garchomp,ASC Standard 2025,Grimmsnarl Froslass,48,33,14,1,0.6875
Cynthia's Garchomp,ASC Standard 2025,Mega Absol Box,47,21,24,2,0.44680851063829785
Cynthia's Garchomp,ASC Standard 2025,Gholdengo Lunatone,44,18,25,1,0.4090909090909091
Cynthia's Garchomp,ASC Standard 2025,Alakazam Dudunsparce,35,11,23,1,0.3142857142857143
Cynthia's Garchomp,ASC Standard 2025,Lucario Hariyama,30,13,16,1,0.43333333333333335
Cynthia's Garchomp,ASC Standard 2025,Rocket's Mewtwo,26,6,19,1,0.23076923076923078
Cynthia's Garchomp,ASC Standard 2025,Gardevoir Jellicent,25,8,15,2,0.32
Cynthia's Garchomp,ASC Standard 2025,Froslass Munkidori,22,13,9,0,0.5909090909090909
Cynthia's Garchomp,ASC Standard 2025,Rocket's Honchkrow,21,12,9,0,0.5714285714285714
Cynthia's Garchomp,ASC Standard 2025,Raging Bolt Ogerpon,21,9,12,0,0.42857142857142855
Cynthia's Garchomp,ASC Standard 2025,Dragapult Charizard,20,9,9,2,0.45
Cynthia's Garchomp,ASC Standard 2025,Gardevoir,20,5,12,3,0.25
Cynthia's Garchomp,ASC Standard 2025,Charizard Pidgeot,19,11,8,0,0.5789473684210527
Cynthia's Garchomp,ASC Standard 2025,Charizard Noctowl,19,5,14,0,0.2631578947368421
Cynthia's Garchomp,ASC Standard 2025,Tera Box,17,6,11,0,0.35294117647058826
Cynthia's Garchomp,ASC Standard 2025,Mega Venusaur,17,3,14,0,0.17647058823529413
Cynthia's Garchomp,ASC Standard 2025,Crustle,15,8,7,0,0.5333333333333333
Cynthia's Garchomp,ASC Standard 2025,Festival Lead,15,1,14,0,0.06666666666666667
Cynthia's Garchomp,ASC Standard 2025,Ceruledge,13,4,9,0,0.3076923076923077
Cynthia's Garchomp,ASC Standard 2025,Greninja,13,4,9,0,0.3076923076923077
Cynthia's Garchomp,ASC Standard 2025,Ogerpon Meganium,12,5,7,0,0.4166666666666667
Cynthia's Garchomp,ASC Standard 2025,Kangaskhan Bouffalant,9,7,2,0,0.7777777777777778
Cynthia's Garchomp,ASC Standard 2025,Joltik Box,9,6,3,0,0.6666666666666666
Cynthia's Garchomp,ASC Standard 2025,Dragonite Eelektrik,9,2,7,0,0.2222222222222222
Cynthia's Garchomp,ASC Standard 2025,Cynthia's Garchomp,8,4,4,0,0.5
Cynthia's Garchomp,ASC Standard 2025,Flareon Noctowl,8,3,5,0,0.375
Cynthia's Garchomp,ASC Standard 2025,Iron Hands Magneton,2,0,2,0,0.0
Dragonite Eelektrik,ASC Standard 2025,Dragapult Dusknoir,85,30,53,2,0.35294117647058826
Dragonite Eelektrik,ASC Standard 2025,N's Zoroark,57,26,29,2,0.45614035087719296
Dragonite Eelektrik,ASC Standard 2025,Mega Absol Box,44,21,23,0,0.4772727272727273
Dragonite Eelektrik,ASC Standard 2025,Grimmsnarl Froslass,42,10,32,0,0.23809523809523808
Dragonite Eelektrik,ASC Standard 2025,Froslass Munkidori,36,6,30,0,0.16666666666666666
Dragonite Eelektrik,ASC Standard 2025,Gholdengo Lunatone,33,9,24,0,0.2727272727272727
Dragonite Eelektrik,ASC Standard 2025,Lucario Hariyama,30,13,17,0,0.43333333333333335
Dragonite Eelektrik,ASC Standard 2025,Alakazam Dudunsparce,30,10,20,0,0.3333333333333333
Dragonite Eelektrik,ASC Standard 2025,Mega Venusaur,24,9,14,1,0.375
Dragonite Eelektrik,ASC Standard 2025,Rocket's Honchkrow,23,11,12,0,0.4782608695652174
Dragonite Eelektrik,ASC Standard 2025,Dragonite Eelektrik,18,9,9,0,0.5
Dragonite Eelektrik,ASC Standard 2025,Raging Bolt Ogerpon,18,6,12,0,0.3333333333333333
Dragonite Eelektrik,ASC Standard 2025,Charizard Pidgeot,15,7,8,0,0.4666666666666667
Dragonite Eelektrik,ASC Standard 2025,Flareon Noctowl,15,7,8,0,0.4666666666666667
Dragonite Eelektrik,ASC Standard 2025,Festival Lead,15,6,9,0,0.4
Dragonite Eelektrik,ASC Standard 2025,Kangaskhan Bouffalant,15,4,11,0,0.26666666666666666
Dragonite Eelektrik,ASC Standard 2025,Gardevoir,15,4,11,0,0.26666666666666666
Dragonite Eelektrik,ASC Standard 2025,Charizard Noctowl,14,5,9,0,0.35714285714285715
Dragonite Eelektrik,ASC Standard 2025,Greninja,13,3,10,0,0.23076923076923078
Dragonite Eelektrik,ASC Standard 2025,Gardevoir Jellicent,12,5,7,0,0.4166666666666667
Dragonite Eelektrik,ASC Standard 2025,Joltik Box,11,2,9,0,0.18181818181818182
Dragonite Eelektrik,ASC Standard 2025,Cynthia's Garchomp,9,7,2,0,0.7777777777777778
Dragonite Eelektrik,ASC Standard 2025,Ceruledge,9,6,3,0,0.6666666666666666
Dragonite Eelektrik,ASC Standard 2025,Dragapult Charizard,9,4,5,0,0.4444444444444444
Dragonite Eelektrik,ASC Standard 2025,Rocket's Mewtwo,8,3,5,0,0.375
Dragonite Eelektrik,ASC Standard 2025,Tera Box,7,4,3,0,0.5714285714285714
Dragonite Eelektrik,ASC Standard 2025,Crustle,7,0,6,1,0.0
Dragonite Eelektrik,ASC Standard 2025,Ogerpon Meganium,6,4,2,0,0.6666666666666666
Dragonite Eelektrik,ASC Standard 2025,Iron Hands Magneton,3,1,2,0,0.3333333333333333
Flareon Noctowl,ASC Standard 2025,Dragapult Dusknoir,122,39,77,6,0.319672131147541
Flareon Noctowl,ASC Standard 2025,N's Zoroark,77,32,44,1,0.4155844155844156
Flareon Noctowl,ASC Standard 2025,Mega Absol Box,72,24,44,4,0.3333333333333333
Flareon Noctowl,ASC Standard 2025,Grimmsnarl Froslass,57,34,20,3,0.5964912280701754
Flareon Noctowl,ASC Standard 2025,Gholdengo Lunatone,43,22,19,2,0.5116279069767442
Flareon Noctowl,ASC Standard 2025,Alakazam Dudunsparce,40,14,24,2,0.35
Flareon Noctowl,ASC Standard 2025,Lucario Hariyama,37,21,15,1,0.5675675675675675
Flareon Noctowl,ASC Standard 2025,Froslass Munkidori,37,14,22,1,0.3783783783783784
Flareon Noctowl,ASC Standard 2025,Dragapult Charizard,34,14,19,1,0.4117647058823529
Flareon Noctowl,ASC Standard 2025,Gardevoir Jellicent,33,12,20,1,0.36363636363636365
Flareon Noctowl,ASC Standard 2025,Gardevoir,31,10,20,1,0.3225806451612903
Flareon Noctowl,ASC Standard 2025,Festival Lead,29,10,19,0,0.3448275862068966
Flareon Noctowl,ASC Standard 2025,Rocket's Honchkrow,26,9,16,1,0.34615384615384615
Flareon Noctowl,ASC Standard 2025,Charizard Noctowl,25,9,15,1,0.36
Flareon Noctowl,ASC Standard 2025,Charizard Pidgeot,24,6,16,2,0.25
Flareon Noctowl,ASC Standard 2025,Raging Bolt Ogerpon,22,12,10,0,0.5454545454545454
Flareon Noctowl,ASC Standard 2025,Flareon Noctowl,20,9,9,2,0.45
Flareon Noctowl,ASC Standard 2025,Mega Venusaur,18,12,5,1,0.6666666666666666
Flareon Noctowl,ASC Standard 2025,Kangaskhan Bouffalant,18,9,9,0,0.5
Flareon Noctowl,ASC Standard 2025,Joltik Box,18,5,12,1,0.2777777777777778
Flareon Noctowl,ASC Standard 2025,Crustle,18,1,17,0,0.05555555555555555
Flareon Noctowl,ASC Standard 2025,Tera Box,16,8,8,0,0.5
Flareon Noctowl,ASC Standard 2025,Dragonite Eelektrik,15,8,7,0,0.5333333333333333
Flareon Noctowl,ASC Standard 2025,Greninja,15,6,8,1,0.4
Flareon Noctowl,ASC Standard 2025,Rocket's Mewtwo,14,7,7,0,0.5
Flareon Noctowl,ASC Standard 2025,Ceruledge,13,6,6,1,0.46153846153846156
Flareon Noctowl,ASC Standard 2025,Ogerpon Meganium,11,6,5,0,0.5454545454545454
Flareon Noctowl,ASC Standard 2025,Cynthia's Garchomp,8,5,3,0,0.625
Flareon Noctowl,ASC Standard 2025,Iron Hands Magneton,6,3,3,0,0.5
Joltik Box,ASC Standard 2025,Dragapult Dusknoir,171,84,84,3,0.49122807017543857
Joltik Box,ASC Standard 2025,N's Zoroark,89,57,28,4,0.6404494382022472
Joltik Box,ASC Standard 2025,Mega Absol Box,86,52,32,2,0.6046511627906976
Joltik Box,ASC Standard 2025,Grimmsnarl Froslass,68,43,22,3,0.6323529411764706
Joltik Box,ASC Standard 2025,Gholdengo Lunatone,60,24,34,2,0.4
Joltik Box,ASC Standard 2025,Froslass Munkidori,59,40,19,0,0.6779661016949152
Joltik Box,ASC Standard 2025,Alakazam Dudunsparce,45,20,25,0,0.4444444444444444
Joltik Box,ASC Standard 2025,Gardevoir,40,21,17,2,0.525
Joltik Box,ASC Standard 2025,Dragapult Charizard,38,16,22,0,0.42105263157894735
Joltik Box,ASC Standard 2025,Rocket's Honchkrow,37,18,18,1,0.4864864864864865
Joltik Box,ASC Standard 2025,Joltik Box,36,15,15,6,0.4166666666666667
Joltik Box,ASC Standard 2025,Raging Bolt Ogerpon,33,20,13,0,0.6060606060606061
Joltik Box,ASC Standard 2025,Gardevoir Jellicent,33,19,14,0,0.5757575757575758
Joltik Box,ASC Standard 2025,Lucario Hariyama,33,19,14,0,0.5757575757575758
Joltik Box,ASC Standard 2025,Charizard Pidgeot,30,18,11,1,0.6
Joltik Box,ASC Standard 2025,Kangaskhan Bouffalant,30,6,24,0,0.2
Joltik Box,ASC Standard 2025,Mega Venusaur,27,15,11,1,0.5555555555555556
Joltik Box,ASC Standard 2025,Charizard Noctowl,25,12,12,1,0.48
Joltik Box,ASC Standard 2025,Festival Lead,24,9,15,0,0.375
Joltik Box,ASC Standard 2025,Rocket's Mewtwo,22,12,10,0,0.5454545454545454
Joltik Box,ASC Standard 2025,Greninja,22,10,12,0,0.45454545454545453
Joltik Box,ASC Standard 2025,Ceruledge,21,10,10,1,0.47619047619047616
Joltik Box,ASC Standard 2025,Tera Box,19,14,5,0,0.7368421052631579
Joltik Box,ASC Standard 2025,Flareon Noctowl,18,12,5,1,0.6666666666666666
Joltik Box,ASC Standard 2025,Ogerpon Meganium,15,13,2,0,0.8666666666666667
Joltik Box,ASC Standard 2025,Crustle,13,1,12,0,0.07692307692307693
Joltik Box,ASC Standard 2025,Dragonite Eelektrik,11,9,2,0,0.8181818181818182
Joltik Box,ASC Standard 2025,Cynthia's Garchomp,9,3,6,0,0.3333333333333333
Joltik Box,ASC Standard 2025,Iron Hands Magneton,5,3,2,0,0.6
Tera Box,ASC Standard 2025,Dragapult Dusknoir,157,75,80,2,0.47770700636942676
Tera Box,ASC Standard 2025,N's Zoroark,90,34,54,2,0.37777777777777777
Tera Box,ASC Standard 2025,Grimmsnarl Froslass,76,40,34,2,0.5263157894736842
Tera Box,ASC Standard 2025,Mega Absol Box,69,31,38,0,0.4492753623188406
Tera Box,ASC Standard 2025,Gholdengo Lunatone,65,24,39,2,0.36923076923076925
Tera Box,ASC Standard 2025,Raging Bolt Ogerpon,60,36,23,1,0.6
Tera Box,ASC Standard 2025,Lucario Hariyama,47,37,7,3,0.7872340425531915
Tera Box,ASC Standard 2025,Gardevoir,45,20,25,0,0.4444444444444444
Tera Box,ASC Standard 2025,Alakazam Dudunsparce,37,17,19,1,0.4594594594594595
Tera Box,ASC Standard 2025,Froslass Munkidori,34,11,23,0,0.3235294117647059
Tera Box,ASC Standard 2025,Rocket's Honchkrow,32,13,19,0,0.40625
Tera Box,ASC Standard 2025,Gardevoir Jellicent,31,16,15,0,0.5161290322580645
Tera Box,ASC Standard 2025,Dragapult Charizard,31,11,19,1,0.3548387096774194
Tera Box,ASC Standard 2025,Charizard Noctowl,29,12,17,0,0.41379310344827586
Tera Box,ASC Standard 2025,Greninja,28,21,7,0,0.75
Tera Box,ASC Standard 2025,Charizard Pidgeot,27,14,13,0,0.5185185185185185
Tera Box,ASC Standard 2025,Rocket's Mewtwo,21,10,11,0,0.47619047619047616
Tera Box,ASC Standard 2025,Crustle,20,8,12,0,0.4
Tera Box,ASC Standard 2025,Joltik Box,19,5,14,0,0.2631578947368421
Tera Box,ASC Standard 2025,Tera Box,18,8,8,2,0.4444444444444444
Tera Box,ASC Standard 2025,Cynthia's Garchomp,17,11,6,0,0.6470588235294118
Tera Box,ASC Standard 2025,Mega Venusaur,17,6,11,0,0.35294117647058826
Tera Box,ASC Standard 2025,Festival Lead,17,6,11,0,0.35294117647058826
Tera Box,ASC Standard 2025,Flareon Noctowl,16,8,8,0,0.5
Tera Box,ASC Standard 2025,Kangaskhan Bouffalant,16,7,8,1,0.4375
Tera Box,ASC Standard 2025,Ceruledge,15,8,7,0,0.5333333333333333
Tera Box,ASC Standard 2025,Ogerpon Meganium,12,4,8,0,0.3333333333333333
Tera Box,ASC Standard 2025,Iron Hands Magneton,8,6,2,0,0.75
Tera Box,ASC Standard 2025,Dragonite Eelektrik,7,3,4,0,0.42857142857142855
Greninja,ASC Standard 2025,Dragapult Dusknoir,184,87,93,4,0.47282608695652173
Greninja,ASC Standard 2025,N's Zoroark,81,37,43,1,0.4567901234567901
Greninja,ASC Standard 2025,Grimmsnarl Froslass,73,39,33,1,0.5342465753424658
Greninja,ASC Standard 2025,Mega Absol Box,62,33,26,3,0.532258064516129
Greninja,ASC Standard 2025,Gholdengo Lunatone,59,33,24,2,0.559322033898305
Greninja,ASC Standard 2025,Raging Bolt Ogerpon,53,24,28,1,0.4528301886792453
Greninja,ASC Standard 2025,Gardevoir,52,19,31,2,0.36538461538461536
Greninja,ASC Standard 2025,Alakazam Dudunsparce,47,27,19,1,0.574468085106383
Greninja,ASC Standard 2025,Froslass Munkidori,44,21,21,2,0.4772727272727273
Greninja,ASC Standard 2025,Dragapult Charizard,38,25,13,0,0.6578947368421053
Greninja,ASC Standard 2025,Gardevoir Jellicent,38,10,27,1,0.2631578947368421
Greninja,ASC Standard 2025,Greninja,36,17,17,2,0.4722222222222222
Greninja,ASC Standard 2025,Charizard Noctowl,35,13,21,1,0.37142857142857144
Greninja,ASC Standard 2025,Festival Lead,34,19,15,0,0.5588235294117647
Greninja,ASC Standard 2025,Charizard Pidgeot,32,16,16,0,0.5
Greninja,ASC Standard 2025,Lucario Hariyama,30,13,16,1,0.43333333333333335
Greninja,ASC Standard 2025,Kangaskhan Bouffalant,29,20,9,0,0.6896551724137931
Greninja,ASC Standard 2025,Tera Box,28,7,21,0,0.25
Greninja,ASC Standard 2025,Mega Venusaur,25,18,7,0,0.72
Greninja,ASC Standard 2025,Ceruledge,24,12,12,0,0.5
Greninja,ASC Standard 2025,Rocket's Honchkrow,23,18,5,0,0.782608695652174
Greninja,ASC Standard 2025,Joltik Box,22,12,10,0,0.5454545454545454
Greninja,ASC Standard 2025,Rocket's Mewtwo,18,9,9,0,0.5
Greninja,ASC Standard 2025,Ogerpon Meganium,17,11,6,0,0.6470588235294118
Greninja,ASC Standard 2025,Flareon Noctowl,15,8,6,1,0.5333333333333333
Greninja,ASC Standard 2025,Dragonite Eelektrik,13,10,3,0,0.7692307692307693
Greninja,ASC Standard 2025,Cynthia's Garchomp,13,9,4,0,0.6923076923076923
Greninja,ASC Standard 2025,Crustle,12,1,11,0,0.08333333333333333
Greninja,ASC Standard 2025,Iron Hands Magneton,6,3,3,0,0.5
Ceruledge,ASC Standard 2025,Dragapult Dusknoir,184,94,86,4,0.5108695652173914
Ceruledge,ASC Standard 2025,Grimmsnarl Froslass,86,45,40,1,0.5232558139534884
Ceruledge,ASC Standard 2025,N's Zoroark,75,32,41,2,0.4266666666666667
Ceruledge,ASC Standard 2025,Mega Absol Box,64,35,26,3,0.546875
Ceruledge,ASC Standard 2025,Gholdengo Lunatone,64,35,27,2,0.546875
Ceruledge,ASC Standard 2025,Gardevoir,43,18,23,2,0.4186046511627907
Ceruledge,ASC Standard 2025,Lucario Hariyama,42,19,23,0,0.4523809523809524
Ceruledge,ASC Standard 2025,Dragapult Charizard,41,19,21,1,0.4634146341463415
Ceruledge,ASC Standard 2025,Alakazam Dudunsparce,40,13,27,0,0.325
Ceruledge,ASC Standard 2025,Froslass Munkidori,39,21,17,1,0.5384615384615384
Ceruledge,ASC Standard 2025,Raging Bolt Ogerpon,36,17,19,0,0.4722222222222222
Ceruledge,ASC Standard 2025,Gardevoir Jellicent,35,17,18,0,0.4857142857142857
Ceruledge,ASC Standard 2025,Charizard Pidgeot,32,10,16,6,0.3125
Ceruledge,ASC Standard 2025,Rocket's Mewtwo,29,16,13,0,0.5517241379310345
Ceruledge,ASC Standard 2025,Charizard Noctowl,26,7,17,2,0.2692307692307692
Ceruledge,ASC Standard 2025,Greninja,24,12,12,0,0.5
Ceruledge,ASC Standard 2025,Kangaskhan Bouffalant,23,8,14,1,0.34782608695652173
Ceruledge,ASC Standard 2025,Festival Lead,22,5,17,0,0.22727272727272727
Ceruledge,ASC Standard 2025,Joltik Box,21,10,10,1,0.47619047619047616
Ceruledge,ASC Standard 2025,Rocket's Honchkrow,21,5,16,0,0.23809523809523808
Ceruledge,ASC Standard 2025,Mega Venusaur,18,12,5,1,0.6666666666666666
Ceruledge,ASC Standard 2025,Ceruledge,18,9,9,0,0.5
Ceruledge,ASC Standard 2025,Crustle,17,4,13,0,0.23529411764705882
Ceruledge,ASC Standard 2025,Tera Box,15,7,8,0,0.4666666666666667
Ceruledge,ASC Standard 2025,Ogerpon Meganium,14,10,4,0,0.7142857142857143
Ceruledge,ASC Standard 2025,Cynthia's Garchomp,13,9,4,0,0.6923076923076923
Ceruledge,ASC Standard 2025,Flareon Noctowl,13,6,6,1,0.46153846153846156
Ceruledge,ASC Standard 2025,Dragonite Eelektrik,9,3,6,0,0.3333333333333333
Ceruledge,ASC Standard 2025,Iron Hands Magneton,4,3,1,0,0.75
Mega Venusaur,ASC Standard 2025,Dragapult Dusknoir,166,59,103,4,0.35542168674698793
Mega Venusaur,ASC Standard 2025,N's Zoroark,107,62,45,0,0.5794392523364486
Mega Venusaur,ASC Standard 2025,Grimmsnarl Froslass,79,49,30,0,0.620253164556962
Mega Venusaur,ASC Standard 2025,Mega Absol Box,75,41,32,2,0.5466666666666666
Mega Venusaur,ASC Standard 2025,Alakazam Dudunsparce,63,29,34,0,0.4603174603174603
Mega Venusaur,ASC Standard 2025,Froslass Munkidori,63,17,45,1,0.2698412698412698
Mega Venusaur,ASC Standard 2025,Raging Bolt Ogerpon,60,34,25,1,0.5666666666666667
Mega Venusaur,ASC Standard 2025,Gholdengo Lunatone,60,21,38,1,0.35
Mega Venusaur,ASC Standard 2025,Gardevoir Jellicent,49,17,30,2,0.3469387755102041
Mega Venusaur,ASC Standard 2025,Lucario Hariyama,41,28,13,0,0.6829268292682927
Mega Venusaur,ASC Standard 2025,Charizard Noctowl,41,20,21,0,0.4878048780487805
Mega Venusaur,ASC Standard 2025,Rocket's Mewtwo,40,16,24,0,0.4
Mega Venusaur,ASC Standard 2025,Mega Venusaur,38,19,19,0,0.5
Mega Venusaur,ASC Standard 2025,Festival Lead,38,16,22,0,0.42105263157894735
Mega Venusaur,ASC Standard 2025,Gardevoir,37,16,20,1,0.43243243243243246
Mega Venusaur,ASC Standard 2025,Rocket's Honchkrow,34,16,18,0,0.47058823529411764
Mega Venusaur,ASC Standard 2025,Dragapult Charizard,33,15,18,0,0.45454545454545453
Mega Venusaur,ASC Standard 2025,Kangaskhan Bouffalant,29,18,11,0,0.6206896551724138
Mega Venusaur,ASC Standard 2025,Joltik Box,27,11,15,1,0.4074074074074074
Mega Venusaur,ASC Standard 2025,Greninja,25,7,18,0,0.28
Mega Venusaur,ASC Standard 2025,Dragonite Eelektrik,24,14,9,1,0.5833333333333334
Mega Venusaur,ASC Standard 2025,Charizard Pidgeot,21,9,11,1,0.42857142857142855
Mega Venusaur,ASC Standard 2025,Ogerpon Meganium,20,13,7,0,0.65
Mega Venusaur,ASC Standard 2025,Crustle,19,8,11,0,0.42105263157894735
Mega Venusaur,ASC Standard 2025,Ceruledge,18,5,12,1,0.2777777777777778
Mega Venusaur,ASC Standard 2025,Flareon Noctowl,18,5,12,1,0.2777777777777778
Mega Venusaur,ASC Standard 2025,Cynthia's Garchomp,17,14,3,0,0.8235294117647058
Mega Venusaur,ASC Standard 2025,Tera Box,17,11,6,0,0.6470588235294118
Mega Venusaur,ASC Standard 2025,Iron Hands Magneton,12,6,6,0,0.5
Kangaskhan Bouffalant,ASC Standard 2025,Dragapult Dusknoir,219,128,82,9,0.5844748858447488
Kangaskhan Bouffalant,ASC Standard 2025,N's Zoroark,100,52,45,3,0.52
Kangaskhan Bouffalant,ASC Standard 2025,Mega Absol Box,93,54,35,4,0.5806451612903226
Kangaskhan Bouffalant,ASC Standard 2025,Grimmsnarl Froslass,83,45,34,4,0.5421686746987951
Kangaskhan Bouffalant,ASC Standard 2025,Gholdengo Lunatone,80,42,36,2,0.525
Kangaskhan Bouffalant,ASC Standard 2025,Raging Bolt Ogerpon,67,25,41,1,0.373134328358209
Kangaskhan Bouffalant,ASC Standard 2025,Gardevoir Jellicent,62,31,25,6,0.5
Kangaskhan Bouffalant,ASC Standard 2025,Gardevoir,60,31,28,1,0.5166666666666667
Kangaskhan Bouffalant,ASC Standard 2025,Alakazam Dudunsparce,54,16,37,1,0.2962962962962963
Kangaskhan Bouffalant,ASC Standard 2025,Dragapult Charizard,53,25,24,4,0.4716981132075472
Kangaskhan Bouffalant,ASC Standard 2025,Froslass Munkidori,51,30,20,1,0.5882352941176471
Kangaskhan Bouffalant,ASC Standard 2025,Charizard Noctowl,50,26,22,2,0.52
Kangaskhan Bouffalant,ASC Standard 2025,Lucario Hariyama,48,10,38,0,0.20833333333333334
Kangaskhan Bouffalant,ASC Standard 2025,Joltik Box,30,24,6,0,0.8
Kangaskhan Bouffalant,ASC Standard 2025,Kangaskhan Bouffalant,30,14,14,2,0.4666666666666667
Kangaskhan Bouffalant,ASC Standard 2025,Charizard Pidgeot,29,20,9,0,0.6896551724137931
Kangaskhan Bouffalant,ASC Standard 2025,Mega Venusaur,29,11,18,0,0.3793103448275862
Kangaskhan Bouffalant,ASC Standard 2025,Greninja,29,9,20,0,0.3103448275862069
Kangaskhan Bouffalant,ASC Standard 2025,Festival Lead,28,24,4,0,0.8571428571428571
Kangaskhan Bouffalant,ASC Standard 2025,Rocket's Mewtwo,28,21,6,1,0.75
Kangaskhan Bouffalant,ASC Standard 2025,Rocket's Honchkrow,24,12,12,0,0.5
Kangaskhan Bouffalant,ASC Standard 2025,Ceruledge,23,14,8,1,0.6086956521739131
Kangaskhan Bouffalant,ASC Standard 2025,Ogerpon Meganium,19,6,11,2,0.3157894736842105
Kangaskhan Bouffalant,ASC Standard 2025,Flareon Noctowl,18,9,9,0,0.5
Kangaskhan Bouffalant,ASC Standard 2025,Tera Box,16,8,7,1,0.5
Kangaskhan Bouffalant,ASC Standard 2025,Dragonite Eelektrik,15,11,4,0,0.7333333333333333
Kangaskhan Bouffalant,ASC Standard 2025,Crustle,15,6,8,1,0.4
Kangaskhan Bouffalant,ASC Standard 2025,Iron Hands Magneton,11,9,2,0,0.8181818181818182
Kangaskhan Bouffalant,ASC Standard 2025,Cynthia's Garchomp,9,2,7,0,0.2222222222222222
Rocket's Mewtwo,ASC Standard 2025,Dragapult Dusknoir,220,107,109,4,0.4863636363636364
Rocket's Mewtwo,ASC Standard 2025,N's Zoroark,108,70,37,1,0.6481481481481481
Rocket's Mewtwo,ASC Standard 2025,Grimmsnarl Froslass,87,29,56,2,0.3333333333333333
Rocket's Mewtwo,ASC Standard 2025,Mega Absol Box,69,37,31,1,0.5362318840579711
Rocket's Mewtwo,ASC Standard 2025,Alakazam Dudunsparce,65,52,13,0,0.8
Rocket's Mewtwo,ASC Standard 2025,Gholdengo Lunatone,64,18,46,0,0.28125
Rocket's Mewtwo,ASC Standard 2025,Lucario Hariyama,56,38,18,0,0.6785714285714286
Rocket's Mewtwo,ASC Standard 2025,Raging Bolt Ogerpon,41,15,26,0,0.36585365853658536
Rocket's Mewtwo,ASC Standard 2025,Mega Venusaur,40,24,16,0,0.6
Rocket's Mewtwo,ASC Standard 2025,Rocket's Honchkrow,40,15,25,0,0.375
Rocket's Mewtwo,ASC Standard 2025,Gardevoir,40,6,31,3,0.15
Rocket's Mewtwo,ASC Standard 2025,Charizard Noctowl,38,13,24,1,0.34210526315789475
Rocket's Mewtwo,ASC Standard 2025,Gardevoir Jellicent,37,13,24,0,0.35135135135135137
Rocket's Mewtwo,ASC Standard 2025,Froslass Munkidori,35,10,25,0,0.2857142857142857
Rocket's Mewtwo,ASC Standard 2025,Festival Lead,31,9,22,0,0.2903225806451613
Rocket's Mewtwo,ASC Standard 2025,Dragapult Charizard,30,15,13,2,0.5
Rocket's Mewtwo,ASC Standard 2025,Ceruledge,29,13,16,0,0.4482758620689655
Rocket's Mewtwo,ASC Standard 2025,Charizard Pidgeot,28,12,16,0,0.42857142857142855
Rocket's Mewtwo,ASC Standard 2025,Kangaskhan Bouffalant,28,6,21,1,0.21428571428571427
Rocket's Mewtwo,ASC Standard 2025,Cynthia's Garchomp,26,19,6,1,0.7307692307692307
Rocket's Mewtwo,ASC Standard 2025,Rocket's Mewtwo,26,12,12,2,0.46153846153846156
Rocket's Mewtwo,ASC Standard 2025,Ogerpon Meganium,26,10,16,0,0.38461538461538464
Rocket's Mewtwo,ASC Standard 2025,Joltik Box,22,10,12,0,0.45454545454545453
Rocket's Mewtwo,ASC Standard 2025,Tera Box,21,11,10,0,0.5238095238095238
Rocket's Mewtwo,ASC Standard 2025,Greninja,18,9,9,0,0.5
Rocket's Mewtwo,ASC Standard 2025,Flareon Noctowl,14,7,7,0,0.5
Rocket's Mewtwo,ASC Standard 2025,Crustle,10,6,3,1,0.6
Rocket's Mewtwo,ASC Standard 2025,Dragonite Eelektrik,8,5,3,0,0.625
Rocket's Mewtwo,ASC Standard 2025,Iron Hands Magneton,8,2,6,0,0.25
Rocket's Honchkrow,ASC Standard 2025,Dragapult Dusknoir,246,92,152,2,0.37398373983739835
Rocket's Honchkrow,ASC Standard 2025,N's Zoroark,114,58,56,0,0.5087719298245614
Rocket's Honchkrow,ASC Standard 2025,Grimmsnarl Froslass,104,50,54,0,0.4807692307692308
Rocket's Honchkrow,ASC Standard 2025,Mega Absol Box,87,40,46,1,0.45977011494252873
Rocket's Honchkrow,ASC Standard 2025,Gholdengo Lunatone,79,47,31,1,0.5949367088607594
Rocket's Honchkrow,ASC Standard 2025,Froslass Munkidori,76,39,36,1,0.5131578947368421
Rocket's Honchkrow,ASC Standard 2025,Gardevoir,52,21,30,1,0.40384615384615385
Rocket's Honchkrow,ASC Standard 2025,Lucario Hariyama,50,27,23,0,0.54
Rocket's Honchkrow,ASC Standard 2025,Alakazam Dudunsparce,47,32,12,3,0.6808510638297872
Rocket's Honchkrow,ASC Standard 2025,Rocket's Honchkrow,46,23,23,0,0.5
Rocket's Honchkrow,ASC Standard 2025,Festival Lead,41,9,32,0,0.21951219512195122
Rocket's Honchkrow,ASC Standard 2025,Rocket's Mewtwo,40,25,15,0,0.625
Rocket's Honchkrow,ASC Standard 2025,Raging Bolt Ogerpon,37,20,17,0,0.5405405405405406
Rocket's Honchkrow,ASC Standard 2025,Joltik Box,37,18,18,1,0.4864864864864865
Rocket's Honchkrow,ASC Standard 2025,Mega Venusaur,34,18,16,0,0.5294117647058824
Rocket's Honchkrow,ASC Standard 2025,Dragapult Charizard,34,14,20,0,0.4117647058823529
Rocket's Honchkrow,ASC Standard 2025,Charizard Noctowl,34,13,21,0,0.38235294117647056
Rocket's Honchkrow,ASC Standard 2025,Tera Box,32,19,13,0,0.59375
Rocket's Honchkrow,ASC Standard 2025,Gardevoir Jellicent,29,11,16,2,0.3793103448275862
Rocket's Honchkrow,ASC Standard 2025,Flareon Noctowl,26,16,9,1,0.6153846153846154
Rocket's Honchkrow,ASC Standard 2025,Kangaskhan Bouffalant,24,12,12,0,0.5
Rocket's Honchkrow,ASC Standard 2025,Charizard Pidgeot,24,11,13,0,0.4583333333333333
Rocket's Honchkrow,ASC Standard 2025,Dragonite Eelektrik,23,12,11,0,0.5217391304347826
Rocket's Honchkrow,ASC Standard 2025,Greninja,23,5,18,0,0.21739130434782608
Rocket's Honchkrow,ASC Standard 2025,Ceruledge,21,16,5,0,0.7619047619047619
Rocket's Honchkrow,ASC Standard 2025,Ogerpon Meganium,21,13,7,1,0.6190476190476191
Rocket's Honchkrow,ASC Standard 2025,Cynthia's Garchomp,21,9,12,0,0.42857142857142855
Rocket's Honchkrow,ASC Standard 2025,Crustle,13,12,1,0,0.9230769230769231
Rocket's Honchkrow,ASC Standard 2025,Iron Hands Magneton,10,5,5,0,0.5
Charizard Pidgeot,ASC Standard 2025,Dragapult Dusknoir,236,99,128,9,0.4194915254237288
Charizard Pidgeot,ASC Standard 2025,Grimmsnarl Froslass,113,44,63,6,0.3893805309734513
Charizard Pidgeot,ASC Standard 2025,N's Zoroark,97,49,45,3,0.5051546391752577
Charizard Pidgeot,ASC Standard 2025,Mega Absol Box,85,44,39,2,0.5176470588235295
Charizard Pidgeot,ASC Standard 2025,Gardevoir,73,37,32,4,0.5068493150684932
Charizard Pidgeot,ASC Standard 2025,Gholdengo Lunatone,69,32,34,3,0.463768115942029
Charizard Pidgeot,ASC Standard 2025,Alakazam Dudunsparce,65,30,34,1,0.46153846153846156
Charizard Pidgeot,ASC Standard 2025,Raging Bolt Ogerpon,57,37,20,0,0.6491228070175439
Charizard Pidgeot,ASC Standard 2025,Charizard Noctowl,57,21,31,5,0.3684210526315789
Charizard Pidgeot,ASC Standard 2025,Gardevoir Jellicent,56,32,23,1,0.5714285714285714
Charizard Pidgeot,ASC Standard 2025,Dragapult Charizard,54,26,25,3,0.48148148148148145
Charizard Pidgeot,ASC Standard 2025,Lucario Hariyama,49,25,23,1,0.5102040816326531
Charizard Pidgeot,ASC Standard 2025,Froslass Munkidori,48,15,33,0,0.3125
Charizard Pidgeot,ASC Standard 2025,Festival Lead,33,15,18,0,0.45454545454545453
Charizard Pidgeot,ASC Standard 2025,Greninja,32,16,16,0,0.5
Charizard Pidgeot,ASC Standard 2025,Ceruledge,32,16,10,6,0.5
Charizard Pidgeot,ASC Standard 2025,Charizard Pidgeot,32,15,15,2,0.46875
Charizard Pidgeot,ASC Standard 2025,Joltik Box,30,11,18,1,0.36666666666666664
Charizard Pidgeot,ASC Standard 2025,Kangaskhan Bouffalant,29,9,20,0,0.3103448275862069
Charizard Pidgeot,ASC Standard 2025,Rocket's Mewtwo,28,16,12,0,0.5714285714285714
Charizard Pidgeot,ASC Standard 2025,Tera Box,27,13,14,0,0.48148148148148145
Charizard Pidgeot,ASC Standard 2025,Flareon Noctowl,24,16,6,2,0.6666666666666666
Charizard Pidgeot,ASC Standard 2025,Rocket's Honchkrow,24,13,11,0,0.5416666666666666
Charizard Pidgeot,ASC Standard 2025,Mega Venusaur,21,11,9,1,0.5238095238095238
Charizard Pidgeot,ASC Standard 2025,Ogerpon Meganium,19,12,7,0,0.631578947368421
Charizard Pidgeot,ASC Standard 2025,Crustle,19,9,7,3,0.47368421052631576
Charizard Pidgeot,ASC Standard 2025,Cynthia's Garchomp,19,8,11,0,0.42105263157894735
Charizard Pidgeot,ASC Standard 2025,Dragonite Eelektrik,15,8,7,0,0.5333333333333333
Charizard Pidgeot,ASC Standard 2025,Iron Hands Magneton,9,8,1,0,0.8888888888888888
Festival Lead,ASC Standard 2025,Dragapult Dusknoir,199,52,146,1,0.2613065326633166
Festival Lead,ASC Standard 2025,N's Zoroark,111,69,41,1,0.6216216216216216
Festival Lead,ASC Standard 2025,Mega Absol Box,89,45,43,1,0.5056179775280899
Festival Lead,ASC Standard 2025,Grimmsnarl Froslass,88,42,44,2,0.4772727272727273
Festival Lead,ASC Standard 2025,Gholdengo Lunatone,71,36,34,1,0.5070422535211268
Festival Lead,ASC Standard 2025,Alakazam Dudunsparce,67,36,31,0,0.5373134328358209
Festival Lead,ASC Standard 2025,Gardevoir,58,23,34,1,0.39655172413793105
Festival Lead,ASC Standard 2025,Froslass Munkidori,58,20,38,0,0.3448275862068966
Festival Lead,ASC Standard 2025,Raging Bolt Ogerpon,54,27,27,0,0.5
Festival Lead,ASC Standard 2025,Festival Lead,50,24,24,2,0.48
Festival Lead,ASC Standard 2025,Lucario Hariyama,46,27,18,1,0.5869565217391305
Festival Lead,ASC Standard 2025,Gardevoir Jellicent,45,16,28,1,0.35555555555555557
Festival Lead,ASC Standard 2025,Rocket's Honchkrow,41,32,9,0,0.7804878048780488
Festival Lead,ASC Standard 2025,Mega Venusaur,38,22,16,0,0.5789473684210527
Festival Lead,ASC Standard 2025,Charizard Noctowl,34,19,14,1,0.5588235294117647
Festival Lead,ASC Standard 2025,Greninja,34,15,19,0,0.4411764705882353
Festival Lead,ASC Standard 2025,Charizard Pidgeot,33,18,15,0,0.5454545454545454
Festival Lead,ASC Standard 2025,Rocket's Mewtwo,31,22,9,0,0.7096774193548387
Festival Lead,ASC Standard 2025,Dragapult Charizard,31,13,17,1,0.41935483870967744
Festival Lead,ASC Standard 2025,Flareon Noctowl,29,19,10,0,0.6551724137931034
Festival Lead,ASC Standard 2025,Kangaskhan Bouffalant,28,4,24,0,0.14285714285714285
Festival Lead,ASC Standard 2025,Joltik Box,24,15,9,0,0.625
Festival Lead,ASC Standard 2025,Ceruledge,22,17,5,0,0.7727272727272727
Festival Lead,ASC Standard 2025,Crustle,18,15,3,0,0.8333333333333334
Festival Lead,ASC Standard 2025,Tera Box,17,11,6,0,0.6470588235294118
Festival Lead,ASC Standard 2025,Ogerpon Meganium,17,7,10,0,0.4117647058823529
Festival Lead,ASC Standard 2025,Cynthia's Garchomp,15,14,1,0,0.9333333333333333
Festival Lead,ASC Standard 2025,Dragonite Eelektrik,15,9,6,0,0.6
Festival Lead,ASC Standard 2025,Iron Hands Magneton,9,5,4,0,0.5555555555555556
Dragapult Charizard,ASC Standard 2025,Dragapult Dusknoir,301,146,143,12,0.4850498338870432
Dragapult Charizard,ASC Standard 2025,Grimmsnarl Froslass,148,46,94,8,0.3108108108108108
Dragapult Charizard,ASC Standard 2025,N's Zoroark,137,79,58,0,0.5766423357664233
Dragapult Charizard,ASC Standard 2025,Mega Absol Box,137,68,64,5,0.49635036496350365
Dragapult Charizard,ASC Standard 2025,Gholdengo Lunatone,104,46,53,5,0.4423076923076923
Dragapult Charizard,ASC Standard 2025,Gardevoir,83,40,40,3,0.4819277108433735
Dragapult Charizard,ASC Standard 2025,Alakazam Dudunsparce,82,48,32,2,0.5853658536585366
Dragapult Charizard,ASC Standard 2025,Froslass Munkidori,73,33,40,0,0.4520547945205479
Dragapult Charizard,ASC Standard 2025,Dragapult Charizard,66,33,33,0,0.5
Dragapult Charizard,ASC Standard 2025,Raging Bolt Ogerpon,63,31,31,1,0.49206349206349204
Dragapult Charizard,ASC Standard 2025,Charizard Noctowl,59,23,31,5,0.3898305084745763
Dragapult Charizard,ASC Standard 2025,Charizard Pidgeot,54,25,26,3,0.46296296296296297
Dragapult Charizard,ASC Standard 2025,Kangaskhan Bouffalant,53,24,25,4,0.4528301886792453
Dragapult Charizard,ASC Standard 2025,Gardevoir Jellicent,52,25,24,3,0.4807692307692308
Dragapult Charizard,ASC Standard 2025,Ceruledge,41,21,19,1,0.5121951219512195
Dragapult Charizard,ASC Standard 2025,Joltik Box,38,22,16,0,0.5789473684210527
Dragapult Charizard,ASC Standard 2025,Greninja,38,13,25,0,0.34210526315789475
Dragapult Charizard,ASC Standard 2025,Lucario Hariyama,37,25,11,1,0.6756756756756757
Dragapult Charizard,ASC Standard 2025,Rocket's Honchkrow,34,20,14,0,0.5882352941176471
Dragapult Charizard,ASC Standard 2025,Flareon Noctowl,34,19,14,1,0.5588235294117647
Dragapult Charizard,ASC Standard 2025,Mega Venusaur,33,18,15,0,0.5454545454545454
Dragapult Charizard,ASC Standard 2025,Tera Box,31,19,11,1,0.6129032258064516
Dragapult Charizard,ASC Standard 2025,Festival Lead,31,17,13,1,0.5483870967741935
Dragapult Charizard,ASC Standard 2025,Rocket's Mewtwo,30,13,15,2,0.43333333333333335
Dragapult Charizard,ASC Standard 2025,Crustle,26,8,16,2,0.3076923076923077
Dragapult Charizard,ASC Standard 2025,Cynthia's Garchomp,20,9,9,2,0.45
Dragapult Charizard,ASC Standard 2025,Ogerpon Meganium,11,8,3,0,0.7272727272727273
Dragapult Charizard,ASC Standard 2025,Dragonite Eelektrik,9,5,4,0,0.5555555555555556
Dragapult Charizard,ASC Standard 2025,Iron Hands Magneton,8,5,2,1,0.625
Charizard Noctowl,ASC Standard 2025,Dragapult Dusknoir,318,100,211,7,0.31446540880503143
Charizard Noctowl,ASC Standard 2025,N's Zoroark,135,65,66,4,0.48148148148148145
Charizard Noctowl,ASC Standard 2025,Grimmsnarl Froslass,131,52,76,3,0.3969465648854962
Charizard Noctowl,ASC Standard 2025,Mega Absol Box,119,56,59,4,0.47058823529411764
Charizard Noctowl,ASC Standard 2025,Gholdengo Lunatone,106,58,46,2,0.5471698113207547
Charizard Noctowl,ASC Standard 2025,Alakazam Dudunsparce,86,47,36,3,0.5465116279069767
Charizard Noctowl,ASC Standard 2025,Raging Bolt Ogerpon,78,47,30,1,0.6025641025641025
Charizard Noctowl,ASC Standard 2025,Gardevoir,73,41,29,3,0.5616438356164384
Charizard Noctowl,ASC Standard 2025,Gardevoir Jellicent,68,35,29,4,0.5147058823529411
Charizard Noctowl,ASC Standard 2025,Charizard Noctowl,66,30,30,6,0.45454545454545453
Charizard Noctowl,ASC Standard 2025,Dragapult Charizard,59,31,23,5,0.5254237288135594
Charizard Noctowl,ASC Standard 2025,Charizard Pidgeot,57,31,21,5,0.543859649122807
Charizard Noctowl,ASC Standard 2025,Froslass Munkidori,54,30,23,1,0.5555555555555556
Charizard Noctowl,ASC Standard 2025,Lucario Hariyama,50,25,23,2,0.5
Charizard Noctowl,ASC Standard 2025,Kangaskhan Bouffalant,50,22,26,2,0.44
Charizard Noctowl,ASC Standard 2025,Mega Venusaur,41,21,20,0,0.5121951219512195
Charizard Noctowl,ASC Standard 2025,Rocket's Mewtwo,38,24,13,1,0.631578947368421
Charizard Noctowl,ASC Standard 2025,Greninja,35,21,13,1,0.6
Charizard Noctowl,ASC Standard 2025,Rocket's Honchkrow,34,21,13,0,0.6176470588235294
Charizard Noctowl,ASC Standard 2025,Festival Lead,34,14,19,1,0.4117647058823529
Charizard Noctowl,ASC Standard 2025,Tera Box,29,17,12,0,0.5862068965517241
Charizard Noctowl,ASC Standard 2025,Ceruledge,26,17,7,2,0.6538461538461539
Charizard Noctowl,ASC Standard 2025,Flareon Noctowl,25,15,9,1,0.6
Charizard Noctowl,ASC Standard 2025,Joltik Box,25,12,12,1,0.48
Charizard Noctowl,ASC Standard 2025,Crustle,25,12,12,1,0.48
Charizard Noctowl,ASC Standard 2025,Cynthia's Garchomp,19,14,5,0,0.7368421052631579
Charizard Noctowl,ASC Standard 2025,Ogerpon Meganium,16,7,9,0,0.4375
Charizard Noctowl,ASC Standard 2025,Dragonite Eelektrik,14,9,5,0,0.6428571428571429
Charizard Noctowl,ASC Standard 2025,Iron Hands Magneton,11,9,2,0,0.8181818181818182
Gardevoir Jellicent,ASC Standard 2025,Dragapult Dusknoir,310,160,146,4,0.5161290322580645
Gardevoir Jellicent,ASC Standard 2025,N's Zoroark,131,44,84,3,0.33587786259541985
Gardevoir Jellicent,ASC Standard 2025,Grimmsnarl Froslass,125,39,80,6,0.312
Gardevoir Jellicent,ASC Standard 2025,Mega Absol Box,116,43,69,4,0.3706896551724138
Gardevoir Jellicent,ASC Standard 2025,Gholdengo Lunatone,99,49,50,0,0.494949494949495
Gardevoir Jellicent,ASC Standard 2025,Alakazam Dudunsparce,83,41,40,2,0.4939759036144578
Gardevoir Jellicent,ASC Standard 2025,Raging Bolt Ogerpon,78,46,28,4,0.5897435897435898
Gardevoir Jellicent,ASC Standard 2025,Gardevoir Jellicent,70,34,34,2,0.4857142857142857
Gardevoir Jellicent,ASC Standard 2025,Gardevoir,70,29,36,5,0.4142857142857143
Gardevoir Jellicent,ASC Standard 2025,Charizard Noctowl,68,29,35,4,0.4264705882352941
Gardevoir Jellicent,ASC Standard 2025,Kangaskhan Bouffalant,62,25,31,6,0.4032258064516129
Gardevoir Jellicent,ASC Standard 2025,Lucario Hariyama,57,43,14,0,0.7543859649122807
Gardevoir Jellicent,ASC Standard 2025,Charizard Pidgeot,56,23,32,1,0.4107142857142857
Gardevoir Jellicent,ASC Standard 2025,Dragapult Charizard,52,24,25,3,0.46153846153846156
Gardevoir Jellicent,ASC Standard 2025,Mega Venusaur,49,30,17,2,0.6122448979591837
Gardevoir Jellicent,ASC Standard 2025,Froslass Munkidori,49,29,20,0,0.5918367346938775
Gardevoir Jellicent,ASC Standard 2025,Festival Lead,45,28,16,1,0.6222222222222222
Gardevoir Jellicent,ASC Standard 2025,Greninja,38,27,10,1,0.7105263157894737
Gardevoir Jellicent,ASC Standard 2025,Rocket's Mewtwo,37,24,13,0,0.6486486486486487
Gardevoir Jellicent,ASC Standard 2025,Ceruledge,35,18,17,0,0.5142857142857142
Gardevoir Jellicent,ASC Standard 2025,Flareon Noctowl,33,20,12,1,0.6060606060606061
Gardevoir Jellicent,ASC Standard 2025,Joltik Box,33,14,19,0,0.42424242424242425
Gardevoir Jellicent,ASC Standard 2025,Tera Box,31,15,16,0,0.4838709677419355
Gardevoir Jellicent,ASC Standard 2025,Rocket's Honchkrow,29,16,11,2,0.5517241379310345
Gardevoir Jellicent,ASC Standard 2025,Cynthia's Garchomp,25,15,8,2,0.6
Gardevoir Jellicent,ASC Standard 2025,Crustle,23,19,2,2,0.8260869565217391
Gardevoir Jellicent,ASC Standard 2025,Ogerpon Meganium,15,7,7,1,0.4666666666666667
Gardevoir Jellicent,ASC Standard 2025,Dragonite Eelektrik,12,7,5,0,0.5833333333333334
Gardevoir Jellicent,ASC Standard 2025,Iron Hands Magneton,10,5,5,0,0.5
Lucario Hariyama,ASC Standard 2025,Dragapult Dusknoir,314,148,163,3,0.4713375796178344
Lucario Hariyama,ASC Standard 2025,N's Zoroark,168,89,79,0,0.5297619047619048
Lucario Hariyama,ASC Standard 2025,Grimmsnarl Froslass,138,68,69,1,0.4927536231884058
Lucario Hariyama,ASC Standard 2025,Gholdengo Lunatone,113,37,74,2,0.3274336283185841
Lucario Hariyama,ASC Standard 2025,Mega Absol Box,110,62,46,2,0.5636363636363636
Lucario Hariyama,ASC Standard 2025,Raging Bolt Ogerpon,92,46,46,0,0.5
Lucario Hariyama,ASC Standard 2025,Alakazam Dudunsparce,85,29,55,1,0.3411764705882353
Lucario Hariyama,ASC Standard 2025,Froslass Munkidori,75,40,34,1,0.5333333333333333
Lucario Hariyama,ASC Standard 2025,Lucario Hariyama,74,37,37,0,0.5
Lucario Hariyama,ASC Standard 2025,Gardevoir Jellicent,57,14,43,0,0.24561403508771928
Lucario Hariyama,ASC Standard 2025,Rocket's Mewtwo,56,18,38,0,0.32142857142857145
Lucario Hariyama,ASC Standard 2025,Gardevoir,56,9,47,0,0.16071428571428573
Lucario Hariyama,ASC Standard 2025,Rocket's Honchkrow,50,23,27,0,0.46
Lucario Hariyama,ASC Standard 2025,Charizard Noctowl,50,23,25,2,0.46
Lucario Hariyama,ASC Standard 2025,Charizard Pidgeot,49,23,25,1,0.46938775510204084
Lucario Hariyama,ASC Standard 2025,Kangaskhan Bouffalant,48,38,10,0,0.7916666666666666
Lucario Hariyama,ASC Standard 2025,Tera Box,47,7,37,3,0.14893617021276595
Lucario Hariyama,ASC Standard 2025,Festival Lead,46,18,27,1,0.391304347826087
Lucario Hariyama,ASC Standard 2025,Ceruledge,42,23,19,0,0.5476190476190477
Lucario Hariyama,ASC Standard 2025,Mega Venusaur,41,13,28,0,0.3170731707317073
Lucario Hariyama,ASC Standard 2025,Flareon Noctowl,37,15,21,1,0.40540540540540543
Lucario Hariyama,ASC Standard 2025,Dragapult Charizard,37,11,25,1,0.2972972972972973
Lucario Hariyama,ASC Standard 2025,Joltik Box,33,14,19,0,0.42424242424242425
Lucario Hariyama,ASC Standard 2025,Dragonite Eelektrik,30,17,13,0,0.5666666666666667
Lucario Hariyama,ASC Standard 2025,Cynthia's Garchomp,30,16,13,1,0.5333333333333333
Lucario Hariyama,ASC Standard 2025,Greninja,30,16,13,1,0.5333333333333333
Lucario Hariyama,ASC Standard 2025,Crustle,30,13,16,1,0.43333333333333335
Lucario Hariyama,ASC Standard 2025,Ogerpon Meganium,25,11,13,1,0.44
Lucario Hariyama,ASC Standard 2025,Iron Hands Magneton,9,4,5,0,0.4444444444444444
Gardevoir,ASC Standard 2025,Dragapult Dusknoir,372,209,154,9,0.5618279569892473
Gardevoir,ASC Standard 2025,N's Zoroark,163,75,79,9,0.4601226993865031
Gardevoir,ASC Standard 2025,Gholdengo Lunatone,158,78,70,10,0.4936708860759494
Gardevoir,ASC Standard 2025,Grimmsnarl Froslass,151,65,79,7,0.4304635761589404
Gardevoir,ASC Standard 2025,Mega Absol Box,133,58,70,5,0.43609022556390975
Gardevoir,ASC Standard 2025,Alakazam Dudunsparce,102,69,31,2,0.6764705882352942
Gardevoir,ASC Standard 2025,Raging Bolt Ogerpon,96,51,40,5,0.53125
Gardevoir,ASC Standard 2025,Gardevoir,90,41,41,8,0.45555555555555555
Gardevoir,ASC Standard 2025,Dragapult Charizard,83,40,40,3,0.4819277108433735
Gardevoir,ASC Standard 2025,Charizard Pidgeot,73,32,37,4,0.4383561643835616
Gardevoir,ASC Standard 2025,Charizard Noctowl,73,29,41,3,0.3972602739726027
Gardevoir,ASC Standard 2025,Froslass Munkidori,72,31,36,5,0.4305555555555556
Gardevoir,ASC Standard 2025,Gardevoir Jellicent,70,36,29,5,0.5142857142857142
Gardevoir,ASC Standard 2025,Kangaskhan Bouffalant,60,28,31,1,0.4666666666666667
Gardevoir,ASC Standard 2025,Festival Lead,58,34,23,1,0.5862068965517241
Gardevoir,ASC Standard 2025,Lucario Hariyama,56,47,9,0,0.8392857142857143
Gardevoir,ASC Standard 2025,Greninja,52,31,19,2,0.5961538461538461
Gardevoir,ASC Standard 2025,Rocket's Honchkrow,52,30,21,1,0.5769230769230769
Gardevoir,ASC Standard 2025,Tera Box,45,25,20,0,0.5555555555555556
Gardevoir,ASC Standard 2025,Ceruledge,43,23,18,2,0.5348837209302325
Gardevoir,ASC Standard 2025,Rocket's Mewtwo,40,31,6,3,0.775
Gardevoir,ASC Standard 2025,Joltik Box,40,17,21,2,0.425
Gardevoir,ASC Standard 2025,Mega Venusaur,37,20,16,1,0.5405405405405406
Gardevoir,ASC Standard 2025,Flareon Noctowl,31,20,10,1,0.6451612903225806
Gardevoir,ASC Standard 2025,Crustle,28,23,5,0,0.8214285714285714
Gardevoir,ASC Standard 2025,Cynthia's Garchomp,20,12,5,3,0.6
Gardevoir,ASC Standard 2025,Dragonite Eelektrik,15,11,4,0,0.7333333333333333
Gardevoir,ASC Standard 2025,Ogerpon Meganium,12,9,3,0,0.75
Gardevoir,ASC Standard 2025,Iron Hands Magneton,7,3,4,0,0.42857142857142855
Froslass Munkidori,ASC Standard 2025,Dragapult Dusknoir,315,153,157,5,0.4857142857142857
Froslass Munkidori,ASC Standard 2025,N's Zoroark,170,97,72,1,0.5705882352941176
Froslass Munkidori,ASC Standard 2025,Grimmsnarl Froslass,155,59,95,1,0.38064516129032255
Froslass Munkidori,ASC Standard 2025,Mega Absol Box,136,51,81,4,0.375
Froslass Munkidori,ASC Standard 2025,Gholdengo Lunatone,125,58,62,5,0.464
Froslass Munkidori,ASC Standard 2025,Alakazam Dudunsparce,107,55,50,2,0.514018691588785
Froslass Munkidori,ASC Standard 2025,Froslass Munkidori,92,44,44,4,0.4782608695652174
Froslass Munkidori,ASC Standard 2025,Raging Bolt Ogerpon,82,37,45,0,0.45121951219512196
Froslass Munkidori,ASC Standard 2025,Rocket's Honchkrow,76,36,39,1,0.47368421052631576
Froslass Munkidori,ASC Standard 2025,Lucario Hariyama,75,34,40,1,0.4533333333333333
Froslass Munkidori,ASC Standard 2025,Dragapult Charizard,73,40,33,0,0.547945205479452
Froslass Munkidori,ASC Standard 2025,Gardevoir,72,36,31,5,0.5
Froslass Munkidori,ASC Standard 2025,Mega Venusaur,63,45,17,1,0.7142857142857143
Froslass Munkidori,ASC Standard 2025,Joltik Box,59,19,40,0,0.3220338983050847
Froslass Munkidori,ASC Standard 2025,Festival Lead,58,38,20,0,0.6551724137931034
Froslass Munkidori,ASC Standard 2025,Charizard Noctowl,54,23,30,1,0.42592592592592593
Froslass Munkidori,ASC Standard 2025,Kangaskhan Bouffalant,51,20,30,1,0.39215686274509803
Froslass Munkidori,ASC Standard 2025,Gardevoir Jellicent,49,20,29,0,0.40816326530612246
Froslass Munkidori,ASC Standard 2025,Charizard Pidgeot,48,33,15,0,0.6875
Froslass Munkidori,ASC Standard 2025,Greninja,44,21,21,2,0.4772727272727273
Froslass Munkidori,ASC Standard 2025,Ceruledge,39,17,21,1,0.4358974358974359
Froslass Munkidori,ASC Standard 2025,Flareon Noctowl,37,22,14,1,0.5945945945945946
Froslass Munkidori,ASC Standard 2025,Dragonite Eelektrik,36,30,6,0,0.8333333333333334
Froslass Munkidori,ASC Standard 2025,Rocket's Mewtwo,35,25,10,0,0.7142857142857143
Froslass Munkidori,ASC Standard 2025,Tera Box,34,23,11,0,0.6764705882352942
Froslass Munkidori,ASC Standard 2025,Ogerpon Meganium,32,21,11,0,0.65625
Froslass Munkidori,ASC Standard 2025,Crustle,28,18,8,2,0.6428571428571429
Froslass Munkidori,ASC Standard 2025,Cynthia's Garchomp,22,9,13,0,0.4090909090909091
Froslass Munkidori,ASC Standard 2025,Iron Hands Magneton,10,3,7,0,0.3
Raging Bolt Ogerpon,ASC Standard 2025,Dragapult Dusknoir,386,180,204,2,0.46632124352331605
Raging Bolt Ogerpon,ASC Standard 2025,N's Zoroark,173,90,81,2,0.5202312138728323
Raging Bolt Ogerpon,ASC Standard 2025,Grimmsnarl Froslass,171,88,77,6,0.5146198830409356
Raging Bolt Ogerpon,ASC Standard 2025,Mega Absol Box,170,107,54,9,0.6294117647058823
Raging Bolt Ogerpon,ASC Standard 2025,Gholdengo Lunatone,145,69,71,5,0.47586206896551725
Raging Bolt Ogerpon,ASC Standard 2025,Raging Bolt Ogerpon,96,46,46,4,0.4791666666666667
Raging Bolt Ogerpon,ASC Standard 2025,Gardevoir,96,40,51,5,0.4166666666666667
Raging Bolt Ogerpon,ASC Standard 2025,Lucario Hariyama,92,46,46,0,0.5
Raging Bolt Ogerpon,ASC Standard 2025,Alakazam Dudunsparce,92,32,59,1,0.34782608695652173
Raging Bolt Ogerpon,ASC Standard 2025,Froslass Munkidori,82,45,37,0,0.5487804878048781
Raging Bolt Ogerpon,ASC Standard 2025,Charizard Noctowl,78,30,47,1,0.38461538461538464
Raging Bolt Ogerpon,ASC Standard 2025,Gardevoir Jellicent,78,28,46,4,0.358974358974359
Raging Bolt Ogerpon,ASC Standard 2025,Kangaskhan Bouffalant,67,41,25,1,0.6119402985074627
Raging Bolt Ogerpon,ASC Standard 2025,Dragapult Charizard,63,31,31,1,0.49206349206349204
Raging Bolt Ogerpon,ASC Standard 2025,Mega Venusaur,60,25,34,1,0.4166666666666667
Raging Bolt Ogerpon,ASC Standard 2025,Tera Box,60,23,36,1,0.38333333333333336
Raging Bolt Ogerpon,ASC Standard 2025,Charizard Pidgeot,57,20,37,0,0.3508771929824561
Raging Bolt Ogerpon,ASC Standard 2025,Festival Lead,54,27,27,0,0.5
Raging Bolt Ogerpon,ASC Standard 2025,Greninja,53,28,24,1,0.5283018867924528
Raging Bolt Ogerpon,ASC Standard 2025,Rocket's Mewtwo,41,26,15,0,0.6341463414634146
Raging Bolt Ogerpon,ASC Standard 2025,Rocket's Honchkrow,37,17,20,0,0.4594594594594595
Raging Bolt Ogerpon,ASC Standard 2025,Ceruledge,36,19,17,0,0.5277777777777778
Raging Bolt Ogerpon,ASC Standard 2025,Joltik Box,33,13,20,0,0.3939393939393939
Raging Bolt Ogerpon,ASC Standard 2025,Ogerpon Meganium,24,11,12,1,0.4583333333333333
Raging Bolt Ogerpon,ASC Standard 2025,Crustle,24,10,13,1,0.4166666666666667
Raging Bolt Ogerpon,ASC Standard 2025,Flareon Noctowl,22,10,12,0,0.45454545454545453
Raging Bolt Ogerpon,ASC Standard 2025,Cynthia's Garchomp,21,12,9,0,0.5714285714285714
Raging Bolt Ogerpon,ASC Standard 2025,Dragonite Eelektrik,18,12,6,0,0.6666666666666666
Raging Bolt Ogerpon,ASC Standard 2025,Iron Hands Magneton,12,5,7,0,0.4166666666666667
Dragapult Dusknoir,ASC Standard 2025,Dragapult Dusknoir,1630,798,798,34,0.48957055214723927
Dragapult Dusknoir,ASC Standard 2025,N's Zoroark,707,340,358,9,0.4809052333804809
Dragapult Dusknoir,ASC Standard 2025,Grimmsnarl Froslass,696,295,382,19,0.4238505747126437
Dragapult Dusknoir,ASC Standard 2025,Mega Absol Box,605,251,334,20,0.41487603305785126
Dragapult Dusknoir,ASC Standard 2025,Gholdengo Lunatone,558,240,303,15,0.43010752688172044
Dragapult Dusknoir,ASC Standard 2025,Alakazam Dudunsparce,450,265,173,12,0.5888888888888889
Dragapult Dusknoir,ASC Standard 2025,Raging Bolt Ogerpon,386,204,180,2,0.5284974093264249
Dragapult Dusknoir,ASC Standard 2025,Gardevoir,372,154,209,9,0.41397849462365593
Dragapult Dusknoir,ASC Standard 2025,Charizard Noctowl,318,211,100,7,0.6635220125786163
Dragapult Dusknoir,ASC Standard 2025,Froslass Munkidori,315,157,153,5,0.4984126984126984
Dragapult Dusknoir,ASC Standard 2025,Lucario Hariyama,314,163,148,3,0.5191082802547771
Dragapult Dusknoir,ASC Standard 2025,Gardevoir Jellicent,310,146,160,4,0.47096774193548385
Dragapult Dusknoir,ASC Standard 2025,Dragapult Charizard,301,143,146,12,0.4750830564784053
Dragapult Dusknoir,ASC Standard 2025,Rocket's Honchkrow,246,152,92,2,0.6178861788617886
Dragapult Dusknoir,ASC Standard 2025,Charizard Pidgeot,236,128,99,9,0.5423728813559322
Dragapult Dusknoir,ASC Standard 2025,Rocket's Mewtwo,220,109,107,4,0.4954545454545455
Dragapult Dusknoir,ASC Standard 2025,Kangaskhan Bouffalant,219,82,128,9,0.3744292237442922
Dragapult Dusknoir,ASC Standard 2025,Festival Lead,199,146,52,1,0.7336683417085427
Dragapult Dusknoir,ASC Standard 2025,Greninja,184,93,87,4,0.5054347826086957
Dragapult Dusknoir,ASC Standard 2025,Ceruledge,184,86,94,4,0.4673913043478261
Dragapult Dusknoir,ASC Standard 2025,Joltik Box,171,84,84,3,0.49122807017543857
Dragapult Dusknoir,ASC Standard 2025,Mega Venusaur,166,103,59,4,0.6204819277108434
Dragapult Dusknoir,ASC Standard 2025,Tera Box,157,80,75,2,0.5095541401273885
Dragapult Dusknoir,ASC Standard 2025,Crustle,129,68,55,6,0.5271317829457365
Dragapult Dusknoir,ASC Standard 2025,Flareon Noctowl,122,77,39,6,0.6311475409836066
Dragapult Dusknoir,ASC Standard 2025,Cynthia's Garchomp,121,68,52,1,0.5619834710743802
Dragapult Dusknoir,ASC Standard 2025,Ogerpon Meganium,103,52,51,0,0.5048543689320388
Dragapult Dusknoir,ASC Standard 2025,Dragonite Eelektrik,85,53,30,2,0.6235294117647059
Dragapult Dusknoir,ASC Standard 2025,Iron Hands Magneton,51,20,31,0,0.39215686274509803
Alakazam Dudunsparce,ASC Standard 2025,Dragapult Dusknoir,450,173,265,12,0.3844444444444444
Alakazam Dudunsparce,ASC Standard 2025,N's Zoroark,215,101,112,2,0.4697674418604651
Alakazam Dudunsparce,ASC Standard 2025,Grimmsnarl Froslass,192,79,109,4,0.4114583333333333
Alakazam Dudunsparce,ASC Standard 2025,Mega Absol Box,160,66,87,7,0.4125
Alakazam Dudunsparce,ASC Standard 2025,Gholdengo Lunatone,158,92,62,4,0.5822784810126582
Alakazam Dudunsparce,ASC Standard 2025,Alakazam Dudunsparce,124,61,61,2,0.49193548387096775
Alakazam Dudunsparce,ASC Standard 2025,Froslass Munkidori,107,50,55,2,0.4672897196261682
Alakazam Dudunsparce,ASC Standard 2025,Gardevoir,102,31,69,2,0.30392156862745096
Alakazam Dudunsparce,ASC Standard 2025,Raging Bolt Ogerpon,92,59,32,1,0.6413043478260869
Alakazam Dudunsparce,ASC Standard 2025,Charizard Noctowl,86,36,47,3,0.4186046511627907
Alakazam Dudunsparce,ASC Standard 2025,Lucario Hariyama,85,55,29,1,0.6470588235294118
Alakazam Dudunsparce,ASC Standard 2025,Gardevoir Jellicent,83,40,41,2,0.4819277108433735
Alakazam Dudunsparce,ASC Standard 2025,Dragapult Charizard,82,32,48,2,0.3902439024390244
Alakazam Dudunsparce,ASC Standard 2025,Festival Lead,67,31,36,0,0.4626865671641791
Alakazam Dudunsparce,ASC Standard 2025,Charizard Pidgeot,65,34,30,1,0.5230769230769231
Alakazam Dudunsparce,ASC Standard 2025,Rocket's Mewtwo,65,13,52,0,0.2
Alakazam Dudunsparce,ASC Standard 2025,Mega Venusaur,63,34,29,0,0.5396825396825397
Alakazam Dudunsparce,ASC Standard 2025,Kangaskhan Bouffalant,54,37,16,1,0.6851851851851852
Alakazam Dudunsparce,ASC Standard 2025,Greninja,47,19,27,1,0.40425531914893614
Alakazam Dudunsparce,ASC Standard 2025,Rocket's Honchkrow,47,12,32,3,0.2553191489361702
Alakazam Dudunsparce,ASC Standard 2025,Joltik Box,45,25,20,0,0.5555555555555556
Alakazam Dudunsparce,ASC Standard 2025,Ceruledge,40,27,13,0,0.675
Alakazam Dudunsparce,ASC Standard 2025,Flareon Noctowl,40,24,14,2,0.6
Alakazam Dudunsparce,ASC Standard 2025,Tera Box,37,19,17,1,0.5135135135135135
Alakazam Dudunsparce,ASC Standard 2025,Cynthia's Garchomp,35,23,11,1,0.6571428571428571
Alakazam Dudunsparce,ASC Standard 2025,Ogerpon Meganium,32,20,12,0,0.625
Alakazam Dudunsparce,ASC Standard 2025,Dragonite Eelektrik,30,20,10,0,0.6666666666666666
Alakazam Dudunsparce,ASC Standard 2025,Crustle,24,13,11,0,0.5416666666666666
Alakazam Dudunsparce,ASC Standard 2025,Iron Hands Magneton,11,8,3,0,0.7272727272727273
Mega Absol Box,ASC Standard 2025,Dragapult Dusknoir,605,334,251,20,0.5520661157024793
Mega Absol Box,ASC Standard 2025,N's Zoroark,293,131,155,7,0.447098976109215
Mega Absol Box,ASC Standard 2025,Grimmsnarl Froslass,286,159,119,8,0.5559440559440559
Mega Absol Box,ASC Standard 2025,Mega Absol Box,248,116,116,16,0.46774193548387094
Mega Absol Box,ASC Standard 2025,Gholdengo Lunatone,229,115,109,5,0.5021834061135371
Mega Absol Box,ASC Standard 2025,Raging Bolt Ogerpon,170,54,107,9,0.3176470588235294
Mega Absol Box,ASC Standard 2025,Alakazam Dudunsparce,160,87,66,7,0.54375
Mega Absol Box,ASC Standard 2025,Dragapult Charizard,137,64,68,5,0.46715328467153283
Mega Absol Box,ASC Standard 2025,Froslass Munkidori,136,81,51,4,0.5955882352941176
Mega Absol Box,ASC Standard 2025,Gardevoir,133,70,58,5,0.5263157894736842
Mega Absol Box,ASC Standard 2025,Charizard Noctowl,119,59,56,4,0.4957983193277311
Mega Absol Box,ASC Standard 2025,Gardevoir Jellicent,116,69,43,4,0.5948275862068966
Mega Absol Box,ASC Standard 2025,Lucario Hariyama,110,46,62,2,0.41818181818181815
Mega Absol Box,ASC Standard 2025,Kangaskhan Bouffalant,93,35,54,4,0.3763440860215054
Mega Absol Box,ASC Standard 2025,Festival Lead,89,43,45,1,0.48314606741573035
Mega Absol Box,ASC Standard 2025,Rocket's Honchkrow,87,46,40,1,0.5287356321839081
Mega Absol Box,ASC Standard 2025,Joltik Box,86,32,52,2,0.37209302325581395
Mega Absol Box,ASC Standard 2025,Charizard Pidgeot,85,39,44,2,0.4588235294117647
Mega Absol Box,ASC Standard 2025,Mega Venusaur,75,32,41,2,0.4266666666666667
Mega Absol Box,ASC Standard 2025,Flareon Noctowl,72,44,24,4,0.6111111111111112
Mega Absol Box,ASC Standard 2025,Tera Box,69,38,31,0,0.5507246376811594
Mega Absol Box,ASC Standard 2025,Rocket's Mewtwo,69,31,37,1,0.4492753623188406
Mega Absol Box,ASC Standard 2025,Ceruledge,64,26,35,3,0.40625
Mega Absol Box,ASC Standard 2025,Greninja,62,26,33,3,0.41935483870967744
Mega Absol Box,ASC Standard 2025,Cynthia's Garchomp,47,24,21,2,0.5106382978723404
Mega Absol Box,ASC Standard 2025,Crustle,47,18,26,3,0.3829787234042553
Mega Absol Box,ASC Standard 2025,Dragonite Eelektrik,44,23,21,0,0.5227272727272727
Mega Absol Box,ASC Standard 2025,Ogerpon Meganium,44,15,29,0,0.3409090909090909
Mega Absol Box,ASC Standard 2025,Iron Hands Magneton,27,17,10,0,0.6296296296296297
Grimmsnarl Froslass,ASC Standard 2025,Dragapult Dusknoir,696,382,295,19,0.5488505747126436
Grimmsnarl Froslass,ASC Standard 2025,Grimmsnarl Froslass,338,161,161,16,0.47633136094674555
Grimmsnarl Froslass,ASC Standard 2025,N's Zoroark,308,172,129,7,0.5584415584415584
Grimmsnarl Froslass,ASC Standard 2025,Mega Absol Box,286,119,159,8,0.4160839160839161
Grimmsnarl Froslass,ASC Standard 2025,Gholdengo Lunatone,226,111,108,7,0.4911504424778761
Grimmsnarl Froslass,ASC Standard 2025,Alakazam Dudunsparce,192,109,79,4,0.5677083333333334
Grimmsnarl Froslass,ASC Standard 2025,Raging Bolt Ogerpon,171,77,88,6,0.4502923976608187
Grimmsnarl Froslass,ASC Standard 2025,Froslass Munkidori,155,95,59,1,0.6129032258064516
Grimmsnarl Froslass,ASC Standard 2025,Gardevoir,151,79,65,7,0.5231788079470199
Grimmsnarl Froslass,ASC Standard 2025,Dragapult Charizard,148,94,46,8,0.6351351351351351
Grimmsnarl Froslass,ASC Standard 2025,Lucario Hariyama,138,69,68,1,0.5
Grimmsnarl Froslass,ASC Standard 2025,Charizard Noctowl,131,76,52,3,0.5801526717557252
Grimmsnarl Froslass,ASC Standard 2025,Gardevoir Jellicent,125,80,39,6,0.64
Grimmsnarl Froslass,ASC Standard 2025,Charizard Pidgeot,113,63,44,6,0.5575221238938053
Grimmsnarl Froslass,ASC Standard 2025,Rocket's Honchkrow,104,54,50,0,0.5192307692307693
Grimmsnarl Froslass,ASC Standard 2025,Festival Lead,88,44,42,2,0.5
Grimmsnarl Froslass,ASC Standard 2025,Rocket's Mewtwo,87,56,29,2,0.6436781609195402
Grimmsnarl Froslass,ASC Standard 2025,Ceruledge,86,40,45,1,0.46511627906976744
Grimmsnarl Froslass,ASC Standard 2025,Kangaskhan Bouffalant,83,34,45,4,0.40963855421686746
Grimmsnarl Froslass,ASC Standard 2025,Mega Venusaur,79,30,49,0,0.379746835443038
Grimmsnarl Froslass,ASC Standard 2025,Tera Box,76,34,40,2,0.4473684210526316
Grimmsnarl Froslass,ASC Standard 2025,Greninja,73,33,39,1,0.4520547945205479
Grimmsnarl Froslass,ASC Standard 2025,Joltik Box,68,22,43,3,0.3235294117647059
Grimmsnarl Froslass,ASC Standard 2025,Crustle,61,23,37,1,0.3770491803278688
Grimmsnarl Froslass,ASC Standard 2025,Flareon Noctowl,57,20,34,3,0.3508771929824561
Grimmsnarl Froslass,ASC Standard 2025,Cynthia's Garchomp,48,14,33,1,0.2916666666666667
Grimmsnarl Froslass,ASC Standard 2025,Ogerpon Meganium,46,21,25,0,0.45652173913043476
Grimmsnarl Froslass,ASC Standard 2025,Dragonite Eelektrik,42,32,10,0,0.7619047619047619
Grimmsnarl Froslass,ASC Standard 2025,Iron Hands Magneton,23,10,12,1,0.43478260869565216
N's Zoroark,ASC Standard 2025,Dragapult Dusknoir,707,358,340,9,0.5063649222065064
N's Zoroark,ASC Standard 2025,N's Zoroark,408,198,198,12,0.4852941176470588
N's Zoroark,ASC Standard 2025,Grimmsnarl Froslass,308,129,172,7,0.41883116883116883
N's Zoroark,ASC Standard 2025,Mega Absol Box,293,155,131,7,0.5290102389078498
N's Zoroark,ASC Standard 2025,Gholdengo Lunatone,264,109,145,10,0.4128787878787879
N's Zoroark,ASC Standard 2025,Alakazam Dudunsparce,215,112,101,2,0.5209302325581395
N's Zoroark,ASC Standard 2025,Raging Bolt Ogerpon,173,81,90,2,0.4682080924855491
N's Zoroark,ASC Standard 2025,Froslass Munkidori,170,72,97,1,0.4235294117647059
N's Zoroark,ASC Standard 2025,Lucario Hariyama,168,79,89,0,0.47023809523809523
N's Zoroark,ASC Standard 2025,Gardevoir,163,79,75,9,0.48466257668711654
N's Zoroark,ASC Standard 2025,Dragapult Charizard,137,58,79,0,0.4233576642335766
N's Zoroark,ASC Standard 2025,Charizard Noctowl,135,66,65,4,0.4888888888888889
N's Zoroark,ASC Standard 2025,Gardevoir Jellicent,131,84,44,3,0.6412213740458015
N's Zoroark,ASC Standard 2025,Rocket's Honchkrow,114,56,58,0,0.49122807017543857
N's Zoroark,ASC Standard 2025,Festival Lead,111,41,69,1,0.36936936936936937
N's Zoroark,ASC Standard 2025,Rocket's Mewtwo,108,37,70,1,0.3425925925925926
N's Zoroark,ASC Standard 2025,Mega Venusaur,107,45,62,0,0.4205607476635514
N's Zoroark,ASC Standard 2025,Kangaskhan Bouffalant,100,45,52,3,0.45
N's Zoroark,ASC Standard 2025,Charizard Pidgeot,97,45,49,3,0.4639175257731959
N's Zoroark,ASC Standard 2025,Tera Box,90,54,34,2,0.6
N's Zoroark,ASC Standard 2025,Joltik Box,89,28,57,4,0.3146067415730337
N's Zoroark,ASC Standard 2025,Greninja,81,43,37,1,0.5308641975308642
N's Zoroark,ASC Standard 2025,Flareon Noctowl,77,44,32,1,0.5714285714285714
N's Zoroark,ASC Standard 2025,Ceruledge,75,41,32,2,0.5466666666666666
N's Zoroark,ASC Standard 2025,Dragonite Eelektrik,57,29,26,2,0.5087719298245614
N's Zoroark,ASC Standard 2025,Cynthia's Garchomp,57,29,28,0,0.5087719298245614
N's Zoroark,ASC Standard 2025,Crustle,56,26,29,1,0.4642857142857143
N's Zoroark,ASC Standard 2025,Ogerpon Meganium,47,24,23,0,0.5106382978723404
N's Zoroark,ASC Standard 2025,Iron Hands Magneton,23,14,9,0,0.6086956521739131
