generation,Alakazam Dudunsparce,Ceruledge,Charizard Noctowl,Charizard Pidgeot,Crustle,Cynthia's Garchomp,Dragapult Charizard,Dragapult Dusknoir,Dragonite Eelektrik,Festival Lead,Flareon Noctowl,Froslass Munkidori,Gardevoir,Gardevoir Jellicent,Gholdengo Lunatone,Greninja,Grimmsnarl Froslass,Iron Hands Magneton,Joltik Box,Kangaskhan Bouffalant,Lucario Hariyama,Mega Absol Box,Mega Venusaur,N's Zoroark,Ogerpon Meganium,Raging Bolt Ogerpon,Rocket's Honchkrow,Rocket's Mewtwo,Tera Box
0,0.034482758620689655,0.034482758620689655,0.034482758620689655,0.034482758620689655,0.034482758620689655,0.034482758620689655,0.034482758620689655,0.034482758620689655,0.034482758620689655,0.034482758620689655,0.034482758620689655,0.034482758620689655,0.034482758620689655,0.034482758620689655,0.034482758620689655,0.034482758620689655,0.034482758620689655,0.034482758620689655,0.034482758620689655,0.034482758620689655,0.034482758620689655,0.034482758620689655,0.034482758620689655,0.034482758620689655,0.034482758620689655,0.034482758620689655,0.034482758620689655,0.034482758620689655,0.034482758620689655
1,0.034482758620689655,0.034482758620689655,0.034482758620689655,0.034482758620689655,0.034482758620689655,0.034482758620689655,0.034482758620689655,0.034482758620689655,0.034482758620689655,0.034482758620689655,0.034482758620689655,0.034482758620689655,0.034482758620689655,0.034482758620689655,0.034482758620689655,0.034482758620689655,0.034482758620689655,0.034482758620689655,0.034482758620689655,0.034482758620689655,0.034482758620689655,0.034482758620689655,0.034482758620689655,0.034482758620689655,0.034482758620689655,0.034482758620689655,0.034482758620689655,0.034482758620689655,0.034482758620689655
2,0.04790698094852702,0.02075729181022902,0.058513718665657605,0.02979263555224337,0.0537071934153291,0.023149854758411387,0.03120847851826668,0.037309994277299724,0.01648736891072474,0.044817315309123675,0.027422572743902595,0.03211300967484513,0.05294540211711617,0.04266896155141515,0.031114759434093166,0.037309994277299724,0.02207092725923182,0.04266896155141515,0.0537071934153291,0.044817315309123675,0.021300593114121594,0.03461410416572039,0.030242893578416988,0.0433480289473631,0.020137717862363434,0.01762399337955506,0.02207092725923182,0.031114759434093166,0.02905705275955066
3,0.04556295332701199,0.012320970772758379,0.057579171324123,0.04946363813110951,0.057888776948954765,0.01291069449129154,0.0293486143883666,0.044654946682752675,0.00594350140889704,0.07092132398618065,0.014855097607617739,0.03949751728653572,0.07516728356362713,0.07463594710179496,0.019352869193930554,0.02474419107934919,0.018458473451346873,0.018805183563009177,0.044916681214131636,0.03956687199618797,0.016898924184405018,0.030116824535705085,0.027556482749397274,0.026265014761468957,0.025346688056332906,0.008813087357610092,0.015310066354134235,0.06567109465283011,0.02742710982913935
4,0.03155654349747262,0.007814560783457604,0.05000548086422183,0.0571639711823034,0.0704443081984532,0.005648067413207251,0.028503255271795435,0.034592991309078565,0.003086335397347409,0.07086683930766567,0.00942182765789773,0.029842209738609935,0.12509931836271884,0.07693974250115201,0.011330822828863213,0.021720939879638784,0.02541169598224828,0.02301074819229889,0.04249962507248963,0.04572650973567282,0.007392806255974677,0.03382494509240001,0.019315807951334234,0.04880944433046235,0.015157728781922682,0.004576451085043928,0.021610872678046816,0.056030523361225035,0.022595627286997048
5,0.024164113087307173,0.0031775465107298103,0.04844630070667322,0.055560526709906966,0.03833531811901935,0.002726074352599647,0.029905369954610163,0.04270562759613437,0.0014896386949198198,0.07735086699941629,0.009342540907548002,0.05840917582955328,0.15197774021385838,0.06627959404975825,0.027087594855500007,0.027380359205430704,0.02469890009675933,0.015648385280578866,0.044590240609558615,0.07327557867174635,0.0019582604862929944,0.031152720263122373,0.030953095115461023,0.028141652540549417,0.01988687019662745,0.024348567004064705,0.013833575802553007,0.01986331068851926,0.007310455451200999
6,0.019220789486466872,0.0025746015304880135,0.05212672439326844,0.04155668559052573,0.02124150457172171,0.0013667668995036913,0.039158733545164706,0.07108782756772075,0.0013608629480149148,0.06060932922593514,0.004684052603891343,0.07719148725972216,0.19900291629441308,0.05170594401190914,0.060865181804958604,0.03285613964857949,0.03283004582531768,0.005259064451009087,0.038108363146543055,0.09311290592724901,0.000981809469253437,0.013443382593492233,0.016811419927424732,0.010910147655339965,0.012894334091947818,0.014490409031803623,0.008341970555739242,0.009958831657594574,0.006247768285001649
7,0.009866612090342404,0.0097655300062038,0.04042069166270688,0.028795596476452995,0.031159559769560054,0.0003850477546701853,0.0456882050984034,0.05752689609608401,0.001272881313321942,0.029892657782073635,0.004381222252253524,0.11632364176831804,0.1951316683211767,0.053039902131607496,0.06614341546439938,0.04012378721807685,0.07112992893182009,0.0026996367101752364,0.01956217442730841,0.1175632940470797,0.0016733139304986018,0.014177426927238735,0.004736140082279641,0.0075598957163540955,0.01401253182342406,0.007438364852175543,0.003747654565320859,0.002575154514153948,0.0032071682665198594
8,0.0064517946399628365,0.04718427255868014,0.046272304784652725,0.01580654768965744,0.015728893212525623,0.00030752892697885094,0.034553073542322406,0.031490206995112624,0.0010166214961898014,0.009206166251241535,0.0010539336822616013,0.0875976859649667,0.19242128351098742,0.0477627616207668,0.0630228729989296,0.018529147977630563,0.04651198304151922,0.0011833140297140164,0.020205250011726846,0.13661662574455774,0.002435148740946869,0.013830175513193519,0.0068924338392824394,0.020046592427361353,0.007501881449891312,0.1193252354836966,0.005453905647893308,0.0001865812136806211,0.0014057770036695746
9,0.011411446863378317,0.02400267815681365,0.04703801436421594,0.011366641670093998,0.013541485651339285,0.001805924243323577,0.05420402334209192,0.025751855135289672,0.0009868309829418932,0.004904396932034216,0.0005614616309100706,0.07431548454260167,0.19252938956823,0.05531120500245048,0.06007384391288448,0.009871024921198237,0.05631839662181452,0.006948860111206448,0.030107446475199678,0.1516788779019232,0.00039073194015084146,0.01924230937529526,0.0020151283618216388,0.005860985814331788,0.010437577138329794,0.12232200127679058,0.004334432178226237,0.00018111374113671417,0.002486432143975826
10,0.01107020022461595,0.03763013850266001,0.039275305488675666,0.009027926952991263,0.016045009326940207,0.0017519200854572011,0.05527910606820402,0.026161801424507566,0.00015824408025978445,0.0026111010929812054,0.0005446717446987985,0.06972966755503783,0.16565191453811795,0.04202106066127829,0.06253976809535872,0.011125542171421825,0.08452308987450424,0.004993901682817724,0.032278856023958136,0.1863004267219157,0.00037904753563755615,0.012160340899189666,0.00032313753797153313,0.005685719545915537,0.008290019753061654,0.10917624034747665,0.0006950513769308885,0.00017569773595029696,0.004395092951464064
11,0.025795271725250122,0.02554409889306412,0.04112146867371761,0.008552786555161455,0.011260851379652367,0.0030242004821426807,0.046111236217886015,0.027003029048673546,0.000149915683758533,0.0024736786682592296,0.000516005634437783,0.046088351936806916,0.16257138197851317,0.017887556649980856,0.05635872243841915,0.034994046126547114,0.09237129477930763,0.0002355462202567993,0.0305800176779486,0.21804980816589153,0.00035909823854897443,0.006322497382676108,0.0003061307877901233,0.0029561627626801855,0.019317022980524727,0.11163799753922657,0.0006584707765929919,0.00016645075238564145,0.007586899843899434
12,0.023407195694504154,0.013859527292975432,0.11371193066063873,0.010476235616535202,0.008366072220229141,0.0027442258898802566,0.02919241545332355,0.016424946734876288,0.00013603678165469507,0.004090055979113728,0.0008531795004214578,0.04964219088098662,0.1722635606822272,0.04779674718354037,0.0368021782709035,0.043627045597403484,0.09763254741471572,3.533095293092363e-05,0.008934013374760347,0.19160441960642427,0.0003258536228187795,0.0031486272378046954,0.0002777897955190723,0.016228100496444187,0.013554195690748177,0.08984749620699488,0.0010887357244225523,0.00015104106582348417,0.003778304371379084
13,0.041617994458944034,0.014456276837303973,0.11095863517178693,0.010222575581958555,0.00997092796146796,0.0032706481533626903,0.03381236796421446,0.016027251158985237,0.00013274293680418776,0.007272119620698197,0.000832521551373862,0.042651289883094266,0.14908472715966414,0.053801636177709465,0.04048964186624082,0.028308621909233507,0.11380401959714667,3.447548813706784e-05,0.008717695011514195,0.19985432941030484,0.0003179637619702246,0.005598259297973198,0.00014876291227936304,0.023623299395994998,0.010227114082283556,0.07028442785131452,0.0010623742763212931,0.00014738392375626997,0.003269916598161509
14,0.04196271021144052,0.014407994692447364,0.12471493226622758,0.0078036099154198514,0.016939726170115698,0.0005040781550904075,0.018494644204509796,0.06416264561840888,0.00012376719253121268,0.00372116084836042,0.0007762285332534694,0.0358590906835433,0.12200571278753258,0.037823810326581254,0.03775183389057565,0.01719438470999758,0.13766773582368896,3.214434214426241e-05,0.0024481747302093843,0.204457498535772,0.00029646385030465856,0.01283843722182581,0.00013870393746632078,0.01917792385856791,0.0234537478736264,0.04743978443125031,0.005992412921854829,0.00013741819268663614,0.0016732240745668946
15,0.04686113109779326,0.007728054158420733,0.13700091071817272,0.006244245388482632,0.011550576970382791,0.0002703737310964939,0.011641252657958135,0.058934466975288986,0.00012096196856473251,0.003636819518631091,0.000758635059244602,0.023492259312171804,0.12320738690620324,0.03087703403963276,0.05052122950332594,0.017963167155690383,0.15220139443333827,3.141578009865341e-05,0.0003955083435803362,0.22585268892240845,0.00015901509821969337,0.004615948833850387,0.0001355601672824123,0.01979400548314487,0.01642444605843946,0.03990633471633859,0.007905573535162684,0.0001343035643293861,0.0016352999027466207
16,0.036511682832788724,0.00411024500860725,0.12248837077468622,0.0014922511762930357,0.008292578220163545,0.0002620225911235111,0.018432025696806853,0.04676109865411193,0.00011722576857668295,0.006422035192542375,0.0007352027992300269,0.018639752112546513,0.13872513682627796,0.016422267810288202,0.04124750381145648,0.008361314014670943,0.17777110725002218,3.0445428519377125e-05,0.00038329212152234636,0.2481640198045447,0.0001541035362211783,0.008151019237028328,0.00013137306697815838,0.01831738899349102,0.0111050101667465,0.05220407780372829,0.013959964523935548,0.00013015527721570595,0.00047732949987656204
17,0.055741371160876,0.0034656103454300726,0.0978297446284738,0.0014186304860623106,0.010641559555103281,0.0002490956225802691,0.016392585606731746,0.045742561299825846,0.00011144239769881143,0.011124403394077472,0.000698931333407944,0.006518880338396638,0.1032166568341896,0.013846663909225938,0.04789431060046317,0.005695568313994476,0.18412543138082602,2.894339354190454e-05,0.00036438228181521863,0.2583732156965644,0.00014650078885274813,0.03949288508407966,0.00012489173459771734,0.00609370913911451,0.024454212618691566,0.06127534409352035,0.0043549536410171395,0.00012373402488364548,0.0004537802959578924
18,0.06101583822066078,0.001237755446351926,0.07904094830662109,0.0013772693572274444,0.012618675515236426,0.00024183307166305217,0.017011790365548923,0.03938716636309012,0.00010819321941442168,0.004390978308478642,0.000678553518880602,0.004415466479776114,0.10952249750285084,0.006727122511514329,0.03746501533794153,0.005529510177547125,0.19048195808570434,2.8099529377862906e-05,0.0006445899600324133,0.2644777537715756,0.00014222945952373646,0.03400580970464739,0.00012125043182306428,0.010779733061836598,0.02818082889129299,0.0874880911650385,0.00232036573512016,0.00012012647591670173,0.0004405500253072631
19,0.05997550593813385,0.0011744597667389196,0.09662215260239435,0.0013068392894520905,0.01877801092779566,0.0002294663406832544,0.006562786656815314,0.033816494616062794,0.00010266049211151321,0.002286587896766923,0.0011731784962856534,0.016989952498588846,0.08446742110394612,0.0035031275115149636,0.046413153204850316,0.005246745027414739,0.16258221013359533,2.6662590591594963e-05,0.0011144575320737819,0.26908659339301844,0.00013495620507910535,0.036380759041029664,0.0001150499917375603,0.0037628492746871597,0.06864907901680718,0.07676512742084254,0.0022017081064358867,0.00011398351209046846,0.000418021412456044
20,0.060567527158460394,0.00018801574930515423,0.1019502050203104,0.0023061365842627878,0.00998065518673316,0.00022223125734098078,0.0063558617183766845,0.026255047141815178,9.942360249112704e-05,0.002214491684515127,0.0006235532660482766,0.009030288574195465,0.08514265086776843,0.011264073544663208,0.042922288286974336,0.020605748162942836,0.17279461854288705,2.582191799239494e-05,0.00017841017112355832,0.2461795417196166,0.00013070103027483155,0.029533689634250418,6.114994294040937e-05,0.003644206479296288,0.07751397734551617,0.08756216646539604,0.0021322881575318708,0.00011038960717542061,0.00040484117979547616
21,0.0546092976727102,9.825011763815664e-05,0.06189721729725111,0.002195839351473573,0.009503303300451932,0.00021160244511396616,0.004954856507466921,0.023387046292060946,9.466839922019338e-05,0.0003485455358941385,0.0005937301409952617,0.013199071267938907,0.08387109822867748,0.005886190677844824,0.03576782027004537,0.03128777532118075,0.24822370704713476,2.4586914775626814e-05,0.00016987722111935492,0.24088618420993727,0.00012444989924452368,0.010607086856566248,5.8225281175979824e-05,0.0034699124270177674,0.0570715721354616,0.11031498026343566,0.0003356072744569361,0.00010510992500775335,0.00070238771870288
22,0.05826029001729456,9.484396070435527e-05,0.07128332194957998,0.002119713504377072,0.009173840667643028,0.00020426656447625847,0.0026250102017739336,0.027574704973443987,9.138641409725134e-05,0.00033646208172257564,0.0010443411449371734,0.005180300379082052,0.11381088758213076,0.00568212691005518,0.030623423446446783,0.0425551624143552,0.2132849463269067,2.3734530144880476e-05,0.00016398787982877636,0.21283485605133748,0.00012013544245390922,0.006267200930439494,5.620671417608572e-05,0.002742434228795398,0.049678608600817804,0.14306433158039594,0.00032397236681096583,0.0001014659507461138,0.0006780371850262914
23,0.07086423456464344,9.188078698402006e-05,0.050263252742125245,0.0020534881031584427,0.01619358132229399,0.00019788474204598312,0.0013956268975745896,0.04438271512078067,8.853126318793032e-05,0.0003259501251251765,0.0010117131925323924,0.001511529366368028,0.08408509896843774,0.0020250300490433403,0.026686071327057817,0.057534998239389214,0.22086565823160653,2.2993001264522526e-05,8.718666914536426e-05,0.2019632614721946,0.00011638209660756773,0.011062806910107718,5.445066922481955e-05,0.0021751657129851776,0.0481265187642532,0.15574498962388436,0.00031385062161686227,9.829588871446875e-05,0.0006568535276467477
24,0.07339162582146141,8.933363159940061e-05,0.02839755906271334,0.001996560496735985,0.034053390710852637,0.00019239890324571123,0.00022430014091261397,0.039903949840829483,8.607696462194701e-05,0.0003169140073079186,0.0005398473911295566,0.0014696261536188346,0.08075909267301966,0.0019688913680116463,0.025946269541436674,0.07659756053718167,0.20041980150036307,2.2355580222518647e-05,8.47696459452988e-05,0.17686464782781713,0.00011315570626223009,0.008806365750787274,5.294116631496471e-05,0.002114864911913095,0.08526119595181825,0.15928713991621773,0.0003051499310039642,9.557089135165168e-05,0.0006386439753042903
25,0.09836449229965678,8.529515426110853e-05,0.0221989015301818,0.0019063026153956775,0.04925711565195906,0.00018370118664381204,0.00021416027511029964,0.02822519239691228,8.218571040166035e-05,0.00030258737562636334,0.0005154426802028888,0.0014031892271120785,0.08693929987664886,0.0034253725552095956,0.06734087838671657,0.06743901867056185,0.2181511717859695,2.1344958550740356e-05,8.093749126854402e-05,0.13886082584713827,0.00010804031190002983,0.0046145504601675024,5.054787168898903e-05,0.0036793295683746553,0.0793106243141902,0.12624711323743684,0.0002913551142134961,9.125044817684841e-05,0.0006097729983236518
26,0.10340886019885231,8.3076740667429e-05,0.01534566135914708,0.0018567222181000147,0.054660194689824755,0.0001789233629426184,0.00020859025100228927,0.02105620691915531,8.004816930989888e-05,0.00029471748016535697,0.0005020367011829754,0.001366694140340784,0.16294337526152128,0.0033362831678262076,0.06433216511822225,0.05783523300109821,0.21649888413492377,2.0789804549136315e-05,7.883241469738497e-05,0.10993030495440131,0.00010523032698751426,0.008189571504060425,4.9233188731230996e-05,0.006529808883293534,0.05973250598247961,0.11040948191316403,0.0002837773549426628,8.887714530380149e-05,0.0005939136131070087
27,0.09992570937629099,8.027844256187962e-05,0.012140769184612672,0.0017941817016606436,0.06714618437930626,0.0001728966350818665,0.00020156424469142036,0.031233872639475916,7.735188345740868e-05,0.0002847904252545191,0.000883958029549019,0.00021830352767659357,0.2125418916470624,0.005874340039483197,0.07302279901945612,0.054312971572651705,0.17981344213485276,2.0089535494076978e-05,7.617707946238022e-05,0.06789510106683506,0.00010168582316743419,0.014419737585961056,4.757485286429715e-05,0.011497320773972869,0.058664157403995415,0.10669052710595617,0.0002742187994630639,1.4196442186257661e-05,0.0005739086475165746
28,0.07817132265592959,7.670577373080354e-05,0.021137421529339732,0.00028337757031322836,0.06300197905717644,0.00016520213579360757,0.0001925939374521718,0.0412254568061858,7.390945664599791e-05,0.00027211626463024625,0.0008446188346248659,0.0002085882643486716,0.27807773003842684,0.0030804311738423583,0.08405358086681039,0.0642977512940715,0.17085039027670726,1.9195481561289707e-05,7.278693549903825e-05,0.061793061997947804,9.7160451730232e-05,0.011280479933359832,4.545760708140481e-05,0.004466432049729657,0.029630516485818065,0.08575778563279962,0.00026201511281354235,1.3564651323200978e-05,0.0005483677243068719
29,0.04571537784017002,0.00013397142135971498,0.03366257987475473,0.00027162697254697266,0.07168232703526557,0.00015835182704937166,0.00018460779412855446,0.028314446099370894,7.084471057167145e-05,0.00026083263068634707,0.0008095956809556808,0.00019993889668554484,0.3130411070095067,0.0016204746499423233,0.07939773473336367,0.06454276491993068,0.1933293538483756,1.8399517425853812e-05,6.976873613787424e-05,0.08489715766905569,9.313157468887792e-05,0.0059341471175905405,4.357265177022875e-05,0.0008996400070488164,0.008219047398060642,0.06563941788611471,0.0002511503354920737,1.3002176454910378e-05,0.0005256289854955939
30,0.0396296353055257,0.0001309438979749143,0.02013823421661002,0.0002654886707884168,0.04918263167713757,0.00015477334848616636,0.00018043597592980594,0.023819738965763903,6.92437421280414e-05,4.2141011350248996e-05,0.0007913002129263778,0.00019542062197364609,0.34603983734347354,0.0052585828383916846,0.06679393653629373,0.039559419289624684,0.2192388012250618,1.7983720021374158e-05,6.819208286330565e-05,0.08550570357104591,9.102696150069038e-05,0.005800045613068061,4.258798488505819e-05,0.005319513650652709,0.011514381070811203,0.07937806666987655,0.00024547477046420706,1.2708349660575995e-05,0.0005137506757100751
31,0.02807470722642422,0.00012946287657916643,0.03175061437781948,0.00026248590084001014,0.04463201656678099,0.0001530228076503997,0.0003250572146207724,0.020110560384749097,6.846057112733602e-05,4.166438173700708e-05,0.0007823503300839691,0.00019321034622357816,0.3554828401874194,0.009473389558217438,0.060961194558967334,0.04544164741003109,0.22058045010196756,1.7780317842741163e-05,6.742080649760197e-05,0.08160692841939295,8.99974146515637e-05,0.010448840160294756,4.2106299844426204e-05,0.009583157025686646,0.00624775364891418,0.07266967815167662,0.00024269836474545084,1.2564613770297521e-05,0.0005079399754439787
32,0.03324712762752087,0.00012552356082693705,0.05148533932511906,0.0002544989406299543,0.026888231406254456,0.00027034158359191856,0.00017296694653409314,0.02908854265042903,6.637744264004631e-05,4.039661170423537e-05,0.0007585448573454035,0.00018733131294018893,0.4033463143825783,0.007905716243743793,0.04906421323352831,0.05060193773729374,0.19630066709563812,1.723929567477841e-05,6.53693161238221e-05,0.06478107248369529,8.725895987159417e-05,0.006599664788744148,4.082508306145281e-05,0.010476203847815986,0.001824527933306888,0.06556378723294493,0.00023531350264023238,1.2182295825154811e-05,0.0004924843019773854
33,0.02269201116400311,0.00012465351790583347,0.062448464528761696,0.0002527349291546207,0.014654291854403912,0.00026846776182065467,0.00017176805872031947,0.012314252723733397,6.591735989773505e-05,4.011661019839617e-05,0.000753287146529003,0.0011254332272134617,0.4281641952208972,0.007850919260541522,0.04746950538764565,0.062174046373159104,0.19844536779233896,1.7119804743611054e-05,6.491622102059022e-05,0.07366603923002113,8.665414082536096e-05,0.008475725637261143,4.05421116870982e-05,0.012706973537750896,0.0018118815615638328,0.042977789520555934,0.00023368247141499092,1.2097856536023433e-05,0.0008911449896947898
34,0.01570335201213057,0.00012154158125410746,0.07247586445617271,0.00024642547955046454,0.006749386803554274,0.0002617655468984279,0.00016747992207959196,0.01064910397166208,6.427175332603978e-05,3.911511139020608e-05,0.0007344815651066755,0.001097337133595939,0.4163117851068011,0.008630902124070678,0.03578980444583221,0.05564219247911439,0.19349124035355506,1.669241409513949e-05,6.329560757237508e-05,0.09784173356619655,8.44908469096451e-05,0.015058229847446284,3.952999036539785e-05,0.019757556224634383,0.010687600599585503,0.037166278729567334,0.00022784866054563724,1.1795837276605383e-05,0.0008688978297106798
35,0.02716043423203262,0.00011536990525839223,0.0677453676981216,0.0002339124103507595,0.02127087473806385,0.00024847353501550947,0.0001589755748084975,0.005547585851774559,6.100814236169382e-05,3.712891216895394e-05,0.0006971858330790734,0.0010416162093102668,0.37032703550801205,0.0036811902231505683,0.025167416398053217,0.0442722592882414,0.2659563253470438,1.5844801530628534e-05,6.008156363895014e-05,0.11179790838677788,8.020054455921155e-05,0.007844493121370491,3.752272429125555e-05,0.01331066995613764,0.006800331384502384,0.02527853528790001,0.00021627889080563843,1.1196864603893606e-05,0.0008247766670351428
36,0.009764761134589907,0.0001099650233737095,0.05586551641371,0.00022295401572890617,0.018345009322120295,0.0002368329767154868,0.0001515278422090381,0.031988666353866435,5.815001568879463e-05,3.538948641203318e-05,0.00036469843472773325,0.0009928182791404886,0.3367311671154349,0.004285575900709881,0.021705571309193587,0.06240724907623785,0.2754559817903548,1.5102499796328915e-05,5.726684558758074e-05,0.14253972817845323,7.644328681111056e-05,0.010092883631605447,3.5764849112875794e-05,0.00939882590823016,0.003557258472400161,0.01450193563382937,0.00020614659628449304,1.067231073061713e-05,0.0007861372969447961
37,0.006370735857130649,5.873860785313099e-05,0.04529848071840133,0.00021700066588751965,0.014618567179812598,0.00023050902888366743,0.00014748172421277068,0.03392088253703568,5.659728569850621e-05,3.44445113119928e-05,0.0003549602052482506,0.0009663079042305634,0.35901314673655566,0.0012563237803031525,0.042542511619571996,0.07209934002113261,0.2765886960008891,1.469923069855972e-05,5.573769813095869e-05,0.1129647905913763,7.440208729324519e-05,0.003993889084252735,3.480985102460522e-05,0.00638224334824536,0.006308670995608953,0.011556141323124191,0.0002006420405478298,1.0387337171438893e-05,0.004628862028366784
38,0.0015455956355788785,5.778860459781348e-05,0.03368214490981574,0.0002134910263755539,0.01320073537547088,0.00022678091315496125,0.00014509644265396534,0.035672920589669074,9.204158629039404e-06,3.388742630316807e-05,0.0003492192903233145,0.001732250836630078,0.3577446072741333,0.0012360047478193555,0.05576546381617898,0.06559361767253606,0.29027864716509155,1.4461494096949908e-05,5.483622980197287e-05,0.11791045620368393,7.319875225153408e-05,0.0015975318470573127,3.424685722888608e-05,0.006279020745962687,0.0055047943593277,0.010083610575889185,0.00019739697569796846,1.021933856732452e-05,0.000752770735472734
39,0.0008017242997523573,5.4619542892407e-05,0.05405379639590845,0.00020178341999115798,0.006847425084214692,0.00021434450441316422,0.00013713951787259094,0.03634265125518154,8.699412981609823e-06,3.202907817831618e-05,0.0003300684994804652,0.004027000345584259,0.3146369666901327,0.0011682236456232468,0.04612806544208089,0.03972247913475227,0.2710656168654072,1.3668442119582386e-05,5.1829072990630224e-05,0.19824936031526497,3.444499180948366e-06,0.0008286644138551919,3.236879831865774e-05,0.007248642278063089,0.002855421755483791,0.014630127973375522,0.00018657194884706652,9.658921600455641e-06,0.00011760844645287112
40,0.0014283761501816049,5.3405860277857415e-05,0.08713934604771008,0.00019729965803016818,0.006695270739102123,0.0002095816267918162,0.00013409218646343675,0.024422888675825753,8.506106232167316e-06,3.131737073283926e-05,0.0003227341576274213,0.00717462505774414,0.2783691813998511,0.0001888151243538999,0.058886800307328714,0.029748518179896887,0.2650423583544423,1.3364720233787904e-05,5.067739647548872e-05,0.20318424804094123,3.3679601154350866e-06,0.0008102509387667399,3.164954206544076e-05,0.007087572619730279,0.005087305368569434,0.023371580812218382,0.00018242619590430804,9.444293930559852e-06,0.0001149951084565204
41,0.0025649025262984575,5.263086420987772e-05,0.07162866936450436,0.00010670904408392494,0.004888002112550459,0.00011335171725989006,0.00013214631541641516,0.01921906951069524,8.382670361095309e-06,3.086291050972634e-05,0.00031805081947197,0.003880378654561013,0.3133172846598378,0.0001860751445429195,0.07088077206745083,0.02045365424898719,0.2200474756249309,1.3170778865238719e-05,4.994199435295732e-05,0.24640390148067032,3.319086156041967e-06,0.0007984930288977844,3.119026155715085e-05,0.0038332965534647514,0.005013481229481688,0.015722374795060657,0.00017977892866084883,9.307243602694185e-06,0.00011332636355798251
42,0.0025360329081261534,5.2038470176093404e-05,0.08774734931489064,0.00010550796555300694,0.004832984522927513,0.00011207587119442942,0.0001306589241296771,0.027237195649011108,8.288318045516924e-06,3.051552871530485e-05,0.0019024384101469986,0.006990927777393524,0.2700594177630005,0.00018398074979722023,0.06692187465542561,0.01605584349599019,0.19560009531318814,1.3022533326481334e-05,4.937986526892777e-05,0.29280989315993977,3.2817277188212766e-06,0.0007895054792263382,3.0839195217351684e-05,0.0037901503493867963,0.0027204874298493663,0.018987205933014634,0.00017775540185129216,9.202484624022911e-06,0.00011205080286465037
43,0.009233726725644844,5.061484802798104e-05,0.07884454176818376,0.00010262157254308059,0.00023403745949742043,0.00010900979926799764,0.00012708447358164787,0.023971011416181912,8.061573617783575e-06,2.9680712042303876e-05,0.0033716362259275435,0.00033853594374021705,0.20748138981555417,0.0001789475682038465,0.06509108557514956,0.023972468092368717,0.20727537993556988,1.2666274450972979e-05,4.80289748674658e-05,0.35700840038992526,3.1919491329255193e-06,0.0007679068910572528,2.99955239642803e-05,0.000609368200608708,0.00013173970734980603,0.02082235349293974,2.85789426248287e-05,8.950731240726086e-06,0.00010898541673527159
44,0.006146176037920792,5.026014158854016e-05,0.07829200298224331,0.0001019024054602029,0.00023239733615044864,0.00010824586379710298,0.00012619387165575756,0.02907307881459399,8.005078494600082e-06,2.9472711028791483e-05,0.002741117078536115,0.0006125298333600848,0.18493585305545526,0.00017769351218595425,0.053584239314896386,0.016894975041173772,0.21786110549163304,1.2577509804104891e-05,4.769239010372579e-05,0.383265012561159,3.169580105734318e-06,0.0007625254362122544,2.9785316763842756e-05,0.0006050977773402845,0.0001308164817678345,0.02402258605673089,2.837866275881321e-05,8.888004943355104e-06,0.00010822165213600265
45,0.01383217182129471,4.883168639747069e-05,0.05307003885944658,9.900621345872072e-05,0.00022579231732792871,0.0001051693828886603,0.000122607286235375,0.018010945990864217,7.77756429410015e-06,2.863506024363001e-05,0.004852687108675904,0.0005951209802909635,0.1409806853353521,0.0001726432434863677,0.050442955269227895,0.03417576067342036,0.20161826749207298,1.22200414683114e-05,4.63369135757068e-05,0.46478207038412983,3.0794967312660886e-06,0.0007408535231763336,2.893878133827084e-05,0.00032264644453503124,0.00012709851606872245,0.015406306251586732,2.757210617436699e-05,8.635396884597038e-06,0.00010514585935281965
46,0.03970491521693445,4.760116483558794e-05,0.04235516390945059,9.651133176592643e-05,0.00022010252171616218,0.00010251919398793246,0.00011951767535999934,0.00963553187160976,7.5815755566865e-06,2.7913478384490626e-05,0.008619356356366575,0.0005801243817255132,0.11120062589781561,0.00016829276433448747,0.04736203308064236,0.05761716611921706,0.22062188169555913,1.1912105666310563e-05,4.5169258401935084e-05,0.4518843847919728,3.0018957429093433e-06,0.00072218457475942,2.8209545937275212e-05,0.0003145159981762152,0.00012389572959862493,0.008242096499886381,2.6877309953775347e-05,8.417791414750677e-06,0.00010249626322740227
47,0.059520292157136785,4.745109218176996e-05,0.05156961579234235,9.620705955469701e-05,0.0002194086023622963,0.00010219598073123614,0.00011914087082629976,0.003533538625874308,7.557673049933917e-06,2.782547529059744e-05,0.009687658184796999,0.00031737525447827163,0.09075633886201168,0.0001677621861049573,0.053232186772670616,0.08113524078587811,0.20403521544495815,1.187455025530165e-05,4.502685284310513e-05,0.4293967631577442,2.9924316371006023e-06,0.00039509374267775784,2.812060942833831e-05,0.00031352442053987915,0.00012350512233088684,0.014970731343869509,2.679257359813819e-05,8.391252562156185e-06,0.00010217312226473695
48,0.07553859438546279,4.5111493729732326e-05,0.04013987299937816,9.146352516465538e-05,0.00020859055786957585,9.71571597614814e-05,0.0001132665740684537,0.003359315839438914,7.185038420136607e-06,2.6453527124099733e-05,0.02503538551994165,0.000301726918055413,0.12528470845638512,0.00015949059249404358,0.03930961598820632,0.11685566475754317,0.16451870022540138,1.1289069961412438e-05,4.2806782653607426e-05,0.37897967882720285,2.844888385637178e-06,0.0003756134595846374,2.6734109534155243e-05,0.0002980659512983028,0.00011741564409681003,0.0289226632094571,2.547155313613941e-05,7.97751790184799e-06,9.713542834244053e-05
49,0.11203265475837124,4.404015913753507e-05,0.036659344955632236,8.929139495277953e-05,0.00020363682520024254,9.484981372776967e-05,0.00011057665207947666,0.0044269116453960035,7.0144038529933495e-06,2.58252930234187e-05,0.02985209752768653,0.00029456132769286686,0.13458632979013876,0.000155702915014495,0.03560314696987514,0.16351494617854628,0.15444818525112072,1.1020970411531543e-05,4.1790181711234883e-05,0.29460632115779023,2.7773262836874365e-06,0.000366693167675024,2.6099211995467583e-05,0.0002909873037523983,0.0001146271875243085,0.03226308433040994,2.486663953795033e-05,7.788063060487026e-06,9.482859839939729e-05
50,0.12667447525560296,4.050294826139934e-05,0.05448585991322068,8.211970212610414e-05,0.0011329849542497153,8.723168065814213e-05,0.00010169537317308772,0.02463024201587557,6.451022019586896e-06,2.375106102356263e-05,0.022931876946611175,0.000270902795289514,0.12725220720763675,0.00014319719171055928,0.03347935890758967,0.23184954195261837,0.09762479538810828,1.0135789768030778e-05,3.843368418353448e-05,0.21898638905578716,2.55425740905969e-06,0.000337241160999615,2.4002979412823302e-05,0.0002676158292662141,0.00010542057832143066,0.059293768232669755,2.2869404524518728e-05,7.1625425832436385e-06,8.72121692993223e-05
